Player,Position,Team within selected timeframe,Minutes played
L. Chevalier,Goalkeeper,Lille,3389
M. Bułka,Goalkeeper,Nice,3380
G. Rulli,Goalkeeper,Olympique Marseille,3369
Y. Diouf,Goalkeeper,Reims,3361
G. Larsonneur,Goalkeeper,Saint-Étienne,3334
Lucas Perri,Goalkeeper,Olympique Lyonnais,3310
Y. Fofana,Goalkeeper,Angers SCO,3280
M. Bizot,Goalkeeper,Brest,3203
D. Léon,Goalkeeper,Auxerre,3192
B. Samba,Goalkeeper,Rennes,3163
D. Petrović,Goalkeeper,Strasbourg,3074
B. Lecomte,Goalkeeper,Montpellier,2923
G. Restes,Goalkeeper,Toulouse,2787
G. Donnarumma,Goalkeeper,PSG,2274
P. Köhn,Goalkeeper,Monaco,1897
A. Desmas,Goalkeeper,Le Havre,1781
A. Lopes,Goalkeeper,Nantes,1702
S. Mandanda,Goalkeeper,Rennes,1665
M. Gorgelin,Goalkeeper,Le Havre,1603
R. Majecki,Goalkeeper,Monaco,1494
M. Ryan,Goalkeeper,Lens,1401
A. Lafont,Goalkeeper,Nantes,1194
M. Zetterer,Goalkeeper,Werder Bremen,3363
A. Nübel,Goalkeeper,Stuttgart,3347
N. Vasilj,Goalkeeper,St. Pauli,3218
R. Zentner,Goalkeeper,Mainz 05,3165
K. Müller,Goalkeeper,Heidenheim,3073
G. Kobel,Goalkeeper,Borussia Dortmund,3048
L. Hrádecký,Goalkeeper,Bayer Leverkusen,2868
K. Grabara,Goalkeeper,Wolfsburg,2840
P. Gulácsi,Goalkeeper,RB Leipzig,2836
F. Rønnow,Goalkeeper,Union Berlin,2753
O. Baumann,Goalkeeper,Hoffenheim,2737
K. Trapp,Goalkeeper,Eintracht Frankfurt,2518
N. Atubolu,Goalkeeper,Freiburg,2491
T. Weiner,Goalkeeper,Holstein Kiel,2475
P. Drewes,Goalkeeper,Bochum,2058
M. Neuer,Goalkeeper,Bayern München,2044
F. Dahmen,Goalkeeper,Augsburg,1854
M. Nicolas,Goalkeeper,Borussia Mgladbach,1672
N. Labrović,Goalkeeper,Augsburg,1476
T. Horn,Goalkeeper,Bochum,1277
J. Omlin,Goalkeeper,Borussia Mgladbach,1068
W. Falcone,Goalkeeper,Lecce,3707
M. Svilar,Goalkeeper,Roma,3677
V. Milinković-Savić,Goalkeeper,Torino,3606
Z. Suzuki,Goalkeeper,Parma,3583
M. Maignan,Goalkeeper,Milan,3575
L. Montipò,Goalkeeper,Hellas Verona,3470
David de Gea,Goalkeeper,Fiorentina,3319
M. Carnesecchi,Goalkeeper,Atalanta,3304
A. Meret,Goalkeeper,Napoli,3267
Y. Sommer,Goalkeeper,Internazionale,3214
M. Di Gregorio,Goalkeeper,Juventus,3095
D. Vásquez,Goalkeeper,Empoli,3005
S. Turati,Goalkeeper,Monza,2875
I. Provedel,Goalkeeper,Lazio,2829
N. Leali,Goalkeeper,Genoa,2813
Ł. Skorupski,Goalkeeper,Bologna,2571
M. Okoye,Goalkeeper,Udinese,2346
E. Caprile,Goalkeeper,Cagliari,2095
J. Butez,Goalkeeper,Como,1798
F. Stanković,Goalkeeper,Venezia,1471
S. Scuffet,Goalkeeper,Napoli,1366
A. Radu,Goalkeeper,Venezia,1365
R. Sava,Goalkeeper,Udinese,1171
F. Ravaglia,Goalkeeper,Bologna,1145
Pepe Reina,Goalkeeper,Como,1128
Joan García,Goalkeeper,Espanyol,3789
David Soria,Goalkeeper,Getafe,3693
Sergio Herrera,Goalkeeper,Osasuna,3683
J. Oblak,Goalkeeper,Atlético Madrid,3564
Álex Remiro,Goalkeeper,Real Sociedad,3535
P. Gazzaniga,Goalkeeper,Girona,3501
G. Mamardashvili,Goalkeeper,Valencia,3369
Vicente Guaita,Goalkeeper,Celta de Vigo,3268
A. Batalla,Goalkeeper,Rayo Vallecano,3179
M. Dmitrović,Goalkeeper,Leganés,3177
Antonio Sivera,Goalkeeper,Deportivo Alavés,3111
K. Hein,Goalkeeper,Real Valladolid,3076
D. Greif,Goalkeeper,Mallorca,3072
Ø. Nyland,Goalkeeper,Sevilla,2970
T. Courtois,Goalkeeper,Real Madrid,2955
J. Cillessen,Goalkeeper,Las Palmas,2586
Diego Conde,Goalkeeper,Villarreal,2192
Unai Simón,Goalkeeper,Athletic Bilbao,2041
Adrián,Goalkeeper,Real Betis,1889
Luiz Júnior,Goalkeeper,Villarreal,1616
Iñaki Peña,Goalkeeper,Barcelona,1535
Rui Silva,Goalkeeper,Real Betis,1500
Julen Agirrezabala,Goalkeeper,Athletic Bilbao,1301
D. Horkaš,Goalkeeper,Las Palmas,1217
M. Sels,Goalkeeper,Nottingham Forest,3807
B. Leno,Goalkeeper,Fulham,3791
David Raya,Goalkeeper,Arsenal,3787
J. Pickford,Goalkeeper,Everton,3780
D. Henderson,Goalkeeper,Crystal Palace,3764
B. Verbruggen,Goalkeeper,Brighton,3648
M. Flekken,Goalkeeper,Brentford,3617
E. Martínez,Goalkeeper,Aston Villa,3578
A. Onana,Goalkeeper,Manchester United,3402
Robert Sánchez,Goalkeeper,Chelsea,3225
Kepa Arrizabalaga,Goalkeeper,Bournemouth,3088
A. Ramsdale,Goalkeeper,Southampton,3010
José Sá,Goalkeeper,Wolverhampton,2903
N. Pope,Goalkeeper,Newcastle United,2812
Alisson,Goalkeeper,Liverpool,2771
M. Hermansen,Goalkeeper,Leicester City,2647
Ederson,Goalkeeper,Manchester City,2543
A. Aréola,Goalkeeper,West Ham United,2495
G. Vicario,Goalkeeper,Tottenham Hotspur,2390
A. Murić,Goalkeeper,Ipswich Town,1799
Ł. Fabiański,Goalkeeper,West Ham United,1292
A. Palmer,Goalkeeper,Ipswich Town,1289
S. Ortega,Goalkeeper,Manchester City,1191
C. Kelleher,Goalkeeper,Liverpool,1006
N. Olij,Goalkeeper,Sparta Rotterdam,3396
F. de Keijzer,Goalkeeper,Heracles,3353
T. Didillon-Hödl,Goalkeeper,Willem II,3353
N. Bakker,Goalkeeper,Almere City,3306
R. Roefs,Goalkeeper,NEC,3277
W. Benítez,Goalkeeper,PSV,3242
D. Bielica,Goalkeeper,NAC Breda,3147
E. Vaessen,Goalkeeper,Groningen,3130
V. Barkas,Goalkeeper,Utrecht,3051
R. Owusu-Oduro,Goalkeeper,AZ,2943
J. Schendelaar,Goalkeeper,PEC Zwolle,2937
L. Unnerstall,Goalkeeper,Twente,2931
T. Wellenreuther,Goalkeeper,Feyenoord,2847
M. Branderhorst,Goalkeeper,Fortuna Sittard,2726
R. Pasveer,Goalkeeper,Ajax,2345
J. Houwen,Goalkeeper,RKC Waalwijk,2331
M. van der Hart,Goalkeeper,Heerenveen,1943
L. Plogmann,Goalkeeper,Go Ahead Eagles,1772
J. De Busser,Goalkeeper,Go Ahead Eagles,1565
A. Noppert,Goalkeeper,Heerenveen,1461
Bruno Varela,Goalkeeper,Vitória Guimarães,3288
Gabriel Batista,Goalkeeper,Santa Clara,3284
Andrew,Goalkeeper,Gil Vicente,3178
P. Sequeira,Goalkeeper,Casa Pia AC,3174
Lucas França,Goalkeeper,Nacional,3153
Diogo Costa,Goalkeeper,Porto,3074
N. Mantl,Goalkeeper,Arouca,2785
Kewin,Goalkeeper,Moreirense,2784
Joel Robles,Goalkeeper,Estoril,2753
Ricardo Velho,Goalkeeper,Farense,2698
C. Miszta,Goalkeeper,Rio Ave,2539
G. Ochoa,Goalkeeper,AVS ,2166
A. Trubin,Goalkeeper,Benfica,1960
Rui Silva,Goalkeeper,Sporting CP,1688
L. Horníček,Goalkeeper,Sporting Braga,1667
L. Carević,Goalkeeper,Famalicão,1657
Bruno Brígido,Goalkeeper,Estrela Amadora,1654
César Bernardo,Goalkeeper,Boavista,1595
Matheus,Goalkeeper,Sporting Braga,1587
I. Zlobin,Goalkeeper,Famalicão,1503
João Costa,Goalkeeper,Estrela Amadora,1388
F. Israel,Goalkeeper,Sporting CP,1094
Simão,Goalkeeper,AVS ,1092
T. Vaclík,Goalkeeper,Boavista,1090
F. Lejeune,Centre-back,Rayo Vallecano,3687
Cristhian Mosquera,Centre-back,Valencia,3666
E. Boyomo,Centre-back,Osasuna,3599
Antonio Raíllo,Centre-back,Mallorca,3504
Alejandro Catena,Centre-back,Osasuna,3383
César Tárrega,Centre-back,Valencia,3325
M. Kumbulla,Centre-back,Espanyol,3286
O. Alderete,Centre-back,Getafe,3260
Sergio González,Centre-back,Leganés,3231
L. Cabrera,Centre-back,Espanyol,3157
M. Valjent,Centre-back,Mallorca,3015
L. Badé,Centre-back,Sevilla,2981
A. Tchouaméni,Centre-back,Real Madrid,2941
Marcos Alonso,Centre-back,Celta de Vigo,2902
Pau Cubarsí,Centre-back,Barcelona,2882
Logan Costa,Centre-back,Villarreal,2880
Dani Vivian,Centre-back,Athletic Bilbao,2844
Djené,Centre-back,Getafe,2816
Javi Rodríguez,Centre-back,Celta de Vigo,2779
Diego Llorente,Centre-back,Real Betis,2775
Íñigo Martínez,Centre-back,Barcelona,2754
N. Gudelj,Centre-back,Sevilla,2754
A. Abqar,Centre-back,Deportivo Alavés,2747
S. McKenna,Centre-back,Las Palmas,2735
L. Krejčí,Centre-back,Girona,2673
Álex Suárez,Centre-back,Las Palmas,2670
David López,Centre-back,Girona,2661
A. Rüdiger,Centre-back,Real Madrid,2522
C. Starfelt,Centre-back,Celta de Vigo,2497
Kike Salas,Centre-back,Sevilla,2486
Igor Zubeldía,Centre-back,Real Sociedad,2467
Natan,Centre-back,Real Betis,2461
Robin Le Normand,Centre-back,Atlético Madrid,2371
M. Nastasić,Centre-back,Leganés,2327
Marc Bartra,Centre-back,Real Betis,2302
A. Mumin,Centre-back,Rayo Vallecano,2236
Javi Sánchez,Centre-back,Real Valladolid,2227
J. Giménez,Centre-back,Atlético Madrid,2210
C. Lenglet,Centre-back,Atlético Madrid,2156
M. Diarra,Centre-back,Deportivo Alavés,2125
S. Mouriño,Centre-back,Deportivo Alavés,2056
Domingos Duarte,Centre-back,Getafe,2053
Aitor Paredes,Centre-back,Athletic Bilbao,1974
E. Cömert,Centre-back,Real Valladolid,1943
Yeray Álvarez,Centre-back,Athletic Bilbao,1935
N. Aguerd,Centre-back,Real Sociedad,1892
Jorge Sáenz,Centre-back,Leganés,1861
Raúl Asencio,Centre-back,Real Madrid,1821
Eric García,Centre-back,Barcelona,1746
José Copete,Centre-back,Mallorca,1707
J. Foyth,Centre-back,Villarreal,1678
Aritz Elustondo,Centre-back,Real Sociedad,1602
Jorge Herrando,Centre-back,Osasuna,1515
David Torres,Centre-back,Real Valladolid,1514
Juanma Herzog,Centre-back,Las Palmas,1479
Raúl Albiol,Centre-back,Villarreal,1327
Carlos Domínguez,Centre-back,Celta de Vigo,1327
W. Kambwala,Centre-back,Villarreal,1237
Juan Berrocal,Centre-back,Getafe,1192
Aridane Hernández,Centre-back,Rayo Vallecano,1138
Yarek Gasiorowski,Centre-back,Valencia,1069
Éder Militão,Centre-back,Real Madrid,1021
F. Baschirotto,Centre-back,Lecce,3707
A. Rrahmani,Centre-back,Napoli,3696
E. Ndicka,Centre-back,Roma,3677
S. Luperto,Centre-back,Cagliari,3499
J. Idzes,Centre-back,Venezia,3379
G. Mancini,Centre-back,Roma,3379
J. Vásquez,Centre-back,Genoa,3301
S. Beukema,Centre-back,Bologna,3272
L. Ranieri,Centre-back,Fiorentina,3210
J. Bijol,Centre-back,Udinese,3172
Saúl Coco,Centre-back,Torino,3064
D. Coppola,Centre-back,Hellas Verona,3053
Mario Gila,Centre-back,Lazio,2978
A. Romagnoli,Centre-back,Lazio,2907
Pablo Marí,Centre-back,Fiorentina,2871
J. Lucumí,Centre-back,Bologna,2844
B. Djimsiti,Centre-back,Atalanta,2838
M. Kempf,Centre-back,Como,2828
E. Goldaniga,Centre-back,Como,2764
Y. Mina,Centre-back,Cagliari,2756
M. Viti,Centre-back,Empoli,2662
A. Izzo,Centre-back,Monza,2620
S. Goglichidze,Centre-back,Empoli,2618
A. Ismajli,Centre-back,Empoli,2613
A. Bastoni,Centre-back,Internazionale,2541
G. Maripán,Centre-back,Torino,2534
P. Kalulu,Centre-back,Juventus,2509
I. Hien,Centre-back,Atalanta,2508
Z. Çelik,Centre-back,Roma,2410
F. Gatti,Centre-back,Juventus,2340
L. Cacace,Centre-back,Empoli,2334
K. De Winter,Centre-back,Genoa,2329
A. Carboni,Centre-back,Monza,2329
M. Gabbia,Centre-back,Milan,2321
Kialonda Gaspar,Centre-back,Lecce,2320
P. Comuzzo,Centre-back,Fiorentina,2319
B. Balogh,Centre-back,Parma,2224
A. Masina,Centre-back,Torino,2099
A. Buongiorno,Centre-back,Napoli,2088
D. Ghilardi,Centre-back,Hellas Verona,2068
S. Kolašinac,Centre-back,Atalanta,2034
S. Pavlović,Centre-back,Milan,2030
M. Thiaw,Centre-back,Milan,1978
S. Walukiewicz,Centre-back,Torino,1972
A. Dossena,Centre-back,Como,1958
T. Kristensen,Centre-back,Udinese,1909
S. de Vrij,Centre-back,Internazionale,1878
P. Dawidowicz,Centre-back,Hellas Verona,1875
F. Acerbi,Centre-back,Internazionale,1873
Carlos Augusto,Centre-back,Internazionale,1862
Y. Bisseck,Centre-back,Internazionale,1811
F. Tomori,Centre-back,Milan,1729
B. Pavard,Centre-back,Internazionale,1718
O. Solet,Centre-back,Udinese,1694
L. Valenti,Centre-back,Parma,1680
A. Vogliacco,Centre-back,Parma,1626
M. Bani,Centre-back,Genoa,1618
Fali Candé,Centre-back,Venezia,1560
G. Jean,Centre-back,Lecce,1508
M. Pongračić,Centre-back,Fiorentina,1464
M. Svoboda,Centre-back,Venezia,1422
G. Leoni,Centre-back,Parma,1281
O. Kossounou,Centre-back,Atalanta,1227
J. Palomino,Centre-back,Cagliari,1188
D. D'Ambrosio,Centre-back,Monza,1187
Juan Jesus,Centre-back,Napoli,1164
L. Marianucci,Centre-back,Empoli,1163
C. Kabasele,Centre-back,Udinese,1160
G. Magnani,Centre-back,Hellas Verona,1152
N. Casale,Centre-back,Bologna,1127
Renato Veiga,Centre-back,Juventus,1124
M. Šverko,Centre-back,Venezia,1122
J. Schingtienne,Centre-back,Venezia,1116
N. Valentini,Centre-back,Hellas Verona,1105
F. Daniliuc,Centre-back,Hellas Verona,1076
D. Doekhi,Centre-back,Union Berlin,3338
J. Tah,Centre-back,Bayer Leverkusen,3261
H. Wahl,Centre-back,St. Pauli,3220
P. Mainka,Centre-back,Heidenheim,3212
J. Gouweleeuw,Centre-back,Augsburg,3202
E. Smith,Centre-back,St. Pauli,3060
P. Lienhart,Centre-back,Freiburg,3002
A. Theate,Centre-back,Eintracht Frankfurt,2957
K. Itakura,Centre-back,Borussia Mgladbach,2933
P. Hincapié,Centre-back,Bayer Leverkusen,2925
R. Koch,Centre-back,Eintracht Frankfurt,2837
B. Gimber,Centre-back,Heidenheim,2798
Diogo Leite,Centre-back,Union Berlin,2781
M. Ginter,Centre-back,Freiburg,2781
C. Matsima,Centre-back,Augsburg,2760
E. Tapsoba,Centre-back,Bayer Leverkusen,2739
K. Koulierakis,Centre-back,Wolfsburg,2705
D. Vavro,Centre-back,Wolfsburg,2700
T. Becker,Centre-back,Holstein Kiel,2688
D. Kohr,Centre-back,Mainz 05,2490
Tuta,Centre-back,Eintracht Frankfurt,2488
J. Chabot,Centre-back,Stuttgart,2474
K. Akpoguma,Centre-back,Hoffenheim,2430
T. Oermann,Centre-back,Bochum,2394
W. Orbán,Centre-back,RB Leipzig,2386
Kim Min-Jae,Centre-back,Bayern München,2374
M. Friedl,Centre-back,Werder Bremen,2374
Arthur Chaves,Centre-back,Hoffenheim,2356
E. Can,Centre-back,Borussia Dortmund,2316
N. Elvedi,Centre-back,Borussia Mgladbach,2312
D. Nemeth,Centre-back,St. Pauli,2302
N. Stark,Centre-back,Werder Bremen,2287
D. da Costa,Centre-back,Mainz 05,2187
W. Anton,Centre-back,Borussia Dortmund,2116
A. Jung,Centre-back,Werder Bremen,2093
N. Schlotterbeck,Centre-back,Borussia Dortmund,2062
I. Ordets,Centre-back,Bochum,2021
L. Klostermann,Centre-back,RB Leipzig,1998
Bernardo,Centre-back,Bochum,1961
L. Querfeld,Centre-back,Union Berlin,1928
C. Zesiger,Centre-back,Augsburg,1903
M. Ivezić,Centre-back,Holstein Kiel,1825
D. Upamecano,Centre-back,Bayern München,1781
M. Jenz,Centre-back,Mainz 05,1758
J. Medić,Centre-back,Bochum,1757
C. Lukeba,Centre-back,RB Leipzig,1704
D. Zec,Centre-back,Holstein Kiel,1681
N. Collins,Centre-back,Eintracht Frankfurt,1643
A. Pieper,Centre-back,Werder Bremen,1633
E. Dier,Centre-back,Bayern München,1591
S. Bell,Centre-back,Mainz 05,1573
K. Vogt,Centre-back,Union Berlin,1482
M. Busch,Centre-back,Heidenheim,1441
A. Hanche-Olsen,Centre-back,Mainz 05,1434
S. Nsoki,Centre-back,Hoffenheim,1430
K. Schlotterbeck,Centre-back,Augsburg,1421
M. Komenda,Centre-back,Holstein Kiel,1420
M. Geschwill,Centre-back,Holstein Kiel,1406
M. Rosenfelder,Centre-back,Freiburg,1369
A. Rouault,Centre-back,Stuttgart,1315
T. Siersleben,Centre-back,Heidenheim,1277
E. Bitshiabu,Centre-back,RB Leipzig,1250
M. Veljković,Centre-back,Werder Bremen,1134
N. Süle,Centre-back,Borussia Dortmund,1049
E. Mašović,Centre-back,Bochum,1002
M. Friedrich,Centre-back,Borussia Mgladbach,1000
J. Lefort,Centre-back,Angers SCO,3373
B. Diakité,Centre-back,Lille,3065
G. Lloris,Centre-back,Le Havre,3054
M. Niakhaté,Centre-back,Olympique Lyonnais,3035
Alexsandro,Centre-back,Lille,2990
Jubal,Centre-back,Auxerre,2921
J. Castelletto,Centre-back,Nantes,2873
I. Doukouré,Centre-back,Strasbourg,2869
C. Cresswell,Centre-back,Toulouse,2855
F. Medina,Centre-back,Lens,2802
M. McKenzie,Centre-back,Toulouse,2747
C. Akpa,Centre-back,Auxerre,2719
B. Chardonnet,Centre-back,Brest,2685
A. Murillo,Centre-back,Olympique Marseille,2683
Clinton Mata,Centre-back,Olympique Lyonnais,2636
T. Kehrer,Centre-back,Monaco,2631
M. Sarr,Centre-back,Strasbourg,2596
É. Youté,Centre-back,Le Havre,2567
M. Nadé,Centre-back,Saint-Étienne,2501
L. Balerdi,Centre-back,Olympique Marseille,2494
C. Kipré,Centre-back,Reims,2411
M. Bombito,Centre-back,Nice,2410
W. Pacho,Centre-back,PSG,2336
W. Singo,Centre-back,Monaco,2336
J. Gradit,Centre-back,Lens,2334
M. Sagnan,Centre-back,Montpellier,2325
D. Sidibé,Centre-back,Toulouse,2298
N. Pallois,Centre-back,Nantes,2224
D. Batubinsika,Centre-back,Saint-Étienne,2220
G. Kondogbia,Centre-back,Olympique Marseille,2219
L. Brassier,Centre-back,Rennes,2216
Lucas Beraldo,Centre-back,PSG,2188
S. Diomandé,Centre-back,Auxerre,2164
Dante,Centre-back,Nice,2163
Y. Ndayishimiye,Centre-back,Nice,2127
S. Sow,Centre-back,Nantes,2004
B. Omeragić,Centre-back,Montpellier,1969
A. N'Diaye,Centre-back,Brest,1899
H. Hateboer,Centre-back,Rennes,1893
Marquinhos,Centre-back,PSG,1886
J. Okumu,Centre-back,Reims,1859
G. Osho,Centre-back,Auxerre,1811
D. Ćaleta-Car,Centre-back,Olympique Lyonnais,1775
N. Zézé,Centre-back,Nantes,1659
C. Mawissa,Centre-back,Monaco,1655
A. Bamba,Centre-back,Angers SCO,1654
C. Wooh,Centre-back,Rennes,1606
D. Cornelius,Centre-back,Olympique Marseille,1565
Malang Sarr,Centre-back,Lens,1551
J. Le Cardinal,Centre-back,Brest,1531
E. Biumla,Centre-back,Angers SCO,1494
L. Østigård,Centre-back,Rennes,1390
E. Agbadou,Centre-back,Reims,1387
A. Sanganté,Centre-back,Le Havre,1351
M. Gbane,Centre-back,Reims,1231
J. Canvot,Centre-back,Toulouse,1217
K. Danso,Centre-back,Lens,1181
M. Salisu,Centre-back,Monaco,1166
Y. Abdelhamid,Centre-back,Saint-Étienne,1125
A. Sylla,Centre-back,Strasbourg,1103
A. Khusanov,Centre-back,Lens,1086
A. Rouault,Centre-back,Rennes,1064
Y. Mouanga,Centre-back,Montpellier,1015
J. Jacquet,Centre-back,Rennes,1013
Marcelo,Centre-back,Moreirense,3174
João Goulart,Centre-back,Casa Pia AC,3108
Cláudio Falcão,Centre-back,Farense,3068
MT,Centre-back,Santa Clara,2982
Zé Vitor,Centre-back,Nacional,2942
C. Devenish,Centre-back,AVS ,2898
R. Abascal,Centre-back,Boavista,2780
O. Diomandé,Centre-back,Sporting CP,2760
José Fontán,Centre-back,Arouca,2748
Luís Rocha,Centre-back,Santa Clara,2741
Ulisses,Centre-back,Nacional,2734
Pedro Álvaro,Centre-back,Estoril,2734
E. Mihaj,Centre-back,Famalicão,2679
T. Borevković,Centre-back,Vitória Guimarães,2676
Rúben Fernandes,Centre-back,Gil Vicente,2661
J. de Haas,Centre-back,Famalicão,2613
K. Boma,Centre-back,Estoril,2597
Maracás,Centre-back,Moreirense,2565
Sidney Lima,Centre-back,Santa Clara,2549
Chico Lamba,Centre-back,Arouca,2514
Gonçalo Inácio,Centre-back,Sporting CP,2482
Aderllan Santos,Centre-back,AVS ,2388
Z. Debast,Centre-back,Sporting CP,2387
Filipe Ferreira,Centre-back,Boavista,2386
Marco Moreno,Centre-back,Farense,2264
José Fonte,Centre-back,Casa Pia AC,2191
F. Bacher,Centre-back,Estoril,2176
N. Pérez,Centre-back,Porto,2172
S. Niakaté,Centre-back,Sporting Braga,2122
B. Roux,Centre-back,AVS ,1992
D. Tchamba,Centre-back,Casa Pia AC,1968
Rúben Lima,Centre-back,Estrela Amadora,1963
Lucas Áfrico,Centre-back,Farense,1957
Jonathan Buatu,Centre-back,Gil Vicente,1921
Frederico Venâncio,Centre-back,Santa Clara,1871
Paulo Oliveira,Centre-back,Sporting Braga,1855
Otávio,Centre-back,Porto,1821
I. Dramé,Centre-back,Estrela Amadora,1769
B. Onyemaechi,Centre-back,Boavista,1744
N. Otamendi,Centre-back,Benfica,1674
Zé Pedro,Centre-back,Porto,1664
R. Pantalon,Centre-back,Estrela Amadora,1567
M. Villanueva,Centre-back,Vitória Guimarães,1507
Eduardo Quaresma,Centre-back,Sporting CP,1494
A. Ntoi,Centre-back,Rio Ave,1481
Tomás Araújo,Centre-back,Benfica,1471
Matheus Reis,Centre-back,Sporting CP,1460
Ferro,Centre-back,Estrela Amadora,1441
J. Panzo,Centre-back,Rio Ave,1413
R. Kluivert,Centre-back,Casa Pia AC,1395
Josué Sá,Centre-back,Gil Vicente,1392
João Ferreira,Centre-back,Sporting Braga,1391
António Silva,Centre-back,Benfica,1373
I. Rodríguez,Centre-back,AVS ,1305
Artur Jorge,Centre-back,Farense,1305
B. Arrey-Mbi,Centre-back,Sporting Braga,1222
S. Chounkwi Fogning,Centre-back,Boavista,1192
Miguel Lopes,Centre-back,Estrela Amadora,1152
Patrick William,Centre-back,Rio Ave,1093
Tiago Gabriel,Centre-back,Estrela Amadora,1091
Iván Marcano,Centre-back,Porto,1024
Robson Bambu,Centre-back,Sporting Braga,1015
A. García MacNulty,Centre-back,PEC Zwolle,3324
J. Kramer,Centre-back,Go Ahead Eagles,3323
D. Mirani,Centre-back,Heracles,3295
T. St. Jago,Centre-back,Willem II,3207
N. Viergever,Centre-back,Utrecht,3205
I. Mesík,Centre-back,Heracles,3185
R. Flamingo,Centre-back,PSV,3161
D. Hancko,Centre-back,Feyenoord,3149
M. Eerdhuijzen,Centre-back,Sparta Rotterdam,3107
R. Behounek,Centre-back,Willem II,3042
Rodrigo Guth,Centre-back,Fortuna Sittard,2970
Alexandre Penetra,Centre-back,AZ,2947
J. Van den Bergh,Centre-back,NAC Breda,2943
G. Nauber,Centre-back,Go Ahead Eagles,2918
L. van Gelderen,Centre-back,RKC Waalwijk,2917
L. Greiml,Centre-back,NAC Breda,2810
M. Rente,Centre-back,Groningen,2800
M. van der Hoorn,Centre-back,Utrecht,2774
N. Hopland,Centre-back,Heerenveen,2722
O. Boscagli,Centre-back,PSV,2709
J. Šutalo,Centre-back,Ajax,2656
S. Kersten,Centre-back,Heerenveen,2573
Iván Márquez,Centre-back,NEC,2538
S. Graves,Centre-back,PEC Zwolle,2478
T. Blokzijl,Centre-back,Groningen,2432
M. Young,Centre-back,Sparta Rotterdam,2397
W. Goes,Centre-back,AZ,2380
Y. Baas,Centre-back,Ajax,2215
Ricardo Visus,Centre-back,Almere City,2144
M. Hilgers,Centre-back,Twente,2104
S. van Ottele,Centre-back,Fortuna Sittard,2064
M. Bruns,Centre-back,Twente,1995
R. van Eijma,Centre-back,RKC Waalwijk,1954
M. Peersman,Centre-back,Groningen,1953
J. Lawrence,Centre-back,Almere City,1907
S. Adewoye,Centre-back,Fortuna Sittard,1901
T. Beelen,Centre-back,Feyenoord,1863
B. Nuytinck,Centre-back,NEC,1862
E. Schouten,Centre-back,Willem II,1717
G. Lagerbielke,Centre-back,Twente,1681
P. Sandler,Centre-back,NEC,1611
G. Trauner,Centre-back,Feyenoord,1510
H. Ekdal,Centre-back,Groningen,1356
A. Van Hoorenbeeck,Centre-back,Twente,1266
J. Jacobs,Centre-back,Almere City,1265
P. Bochniewicz,Centre-back,Heerenveen,1204
D. Van den Buijs,Centre-back,RKC Waalwijk,1191
Nathan Collins,Centre-back,Brentford,3779
D. Burn,Centre-back,Newcastle United,3711
N. Milenković,Centre-back,Nottingham Forest,3699
M. Kilman,Centre-back,West Ham United,3698
V. van Dijk,Centre-back,Liverpool,3694
Murillo,Centre-back,Nottingham Forest,3526
L. Colwill,Centre-back,Chelsea,3519
D. O'Shea,Centre-back,Ipswich Town,3451
I. Zabarnyi,Centre-back,Bournemouth,3435
C. Bassey,Centre-back,Fulham,3410
M. Lacroix,Centre-back,Crystal Palace,3408
M. Guéhi,Centre-back,Crystal Palace,3356
W. Saliba,Centre-back,Arsenal,3347
J. van Hecke,Centre-back,Brighton,3333
E. Konsa,Centre-back,Aston Villa,3291
F. Schär,Centre-back,Newcastle United,3247
J. Tarkowski,Centre-back,Everton,3224
T. Harwood-Bellis,Centre-back,Southampton,3152
W. Faes,Centre-back,Leicester City,3133
N. Mazraoui,Centre-back,Manchester United,3090
J. Andersen,Centre-back,Fulham,2959
Toti,Centre-back,Wolverhampton,2894
S. van den Berg,Centre-back,Brentford,2862
I. Konaté,Centre-back,Liverpool,2831
J. Bednarek,Centre-back,Southampton,2813
J. Branthwaite,Centre-back,Everton,2781
Dean Huijsen,Centre-back,Bournemouth,2723
Gabriel Magalhaes,Centre-back,Arsenal,2617
Rúben Dias,Centre-back,Manchester City,2496
J. Greaves,Centre-back,Ipswich Town,2424
L. Dunk,Centre-back,Brighton,2356
M. de Ligt,Centre-back,Manchester United,2354
M. Doherty,Centre-back,Wolverhampton,2343
K. Mavropanos,Centre-back,West Ham United,2290
Pau Torres,Centre-back,Aston Villa,2268
M. Akanji,Centre-back,Manchester City,2198
T. Chalobah,Centre-back,Chelsea,2173
E. Pinnock,Centre-back,Brentford,2108
C. Richards,Centre-back,Crystal Palace,2099
J. Todibo,Centre-back,West Ham United,2006
A. Gray,Centre-back,Tottenham Hotspur,1974
H. Maguire,Centre-back,Manchester United,1965
L. Martínez,Centre-back,Manchester United,1933
S. Bueno,Centre-back,Wolverhampton,1914
C. Coady,Centre-back,Leicester City,1911
C. Burgess,Centre-back,Ipswich Town,1721
T. Adarabioyo,Centre-back,Chelsea,1605
C. Romero,Centre-back,Tottenham Hotspur,1565
E. Agbadou,Centre-back,Wolverhampton,1554
J. Stephens,Centre-back,Southampton,1546
J. Vestergaard,Centre-back,Leicester City,1520
I. Diop,Centre-back,Fulham,1509
B. Davies,Centre-back,Tottenham Hotspur,1462
R. Drăgușin,Centre-back,Tottenham Hotspur,1400
W. Fofana,Centre-back,Chelsea,1315
L. Woolfenden,Centre-back,Ipswich Town,1312
L. Yoro,Centre-back,Manchester United,1298
J. Kiwior,Centre-back,Arsenal,1264
C. Okoli,Centre-back,Leicester City,1259
T. Mings,Centre-back,Aston Villa,1234
M. Senesi,Centre-back,Bournemouth,1221
M. Keane,Centre-back,Everton,1180
J. Bree,Centre-back,Southampton,1180
C. Dawson,Centre-back,Wolverhampton,1112
Morato,Centre-back,Nottingham Forest,1111
M. van de Ven,Centre-back,Tottenham Hotspur,1104
Igor Julio,Centre-back,Brighton,1088
M. Kerkez,Full-back,Bournemouth,3676
J. Gvardiol,Full-back,Manchester City,3567
D. Muñoz,Full-back,Crystal Palace,3534
A. Robinson,Full-back,Fulham,3503
A. Wan-Bissaka,Full-back,West Ham United,3495
V. Mykolenko,Full-back,Everton,3397
R. Aït-Nouri,Full-back,Wolverhampton,3393
K. Lewis-Potter,Full-back,Brentford,3366
T. Mitchell,Full-back,Crystal Palace,3348
Marc Cucurella,Full-back,Chelsea,3336
O. Aina,Full-back,Nottingham Forest,3312
K. Walker-Peters,Full-back,Southampton,3246
J. Justin,Full-back,Leicester City,3197
Nélson Semedo,Full-back,Wolverhampton,3180
T. Livramento,Full-back,Newcastle United,3165
Diogo Dalot,Full-back,Manchester United,3127
L. Davis,Full-back,Ipswich Town,3025
Pedro Porro,Full-back,Tottenham Hotspur,2912
N. Williams,Full-back,Nottingham Forest,2899
A. Robertson,Full-back,Liverpool,2714
V. Kristiansen,Full-back,Leicester City,2714
P. Estupiñán,Full-back,Brighton,2694
J. Timber,Full-back,Arsenal,2647
L. Digne,Full-back,Aston Villa,2600
T. Alexander-Arnold,Full-back,Liverpool,2578
L. Hall,Full-back,Newcastle United,2418
M. Cash,Full-back,Aston Villa,2286
Emerson Palmieri,Full-back,West Ham United,2280
M. Gusto,Full-back,Chelsea,2115
D. Udogie,Full-back,Tottenham Hotspur,2099
A. Young,Full-back,Everton,2099
A. Diallo,Full-back,Manchester United,2099
R. Lewis,Full-back,Manchester City,2072
J. Hinshelwood,Full-back,Brighton,2038
D. Spence,Full-back,Tottenham Hotspur,1999
K. Tete,Full-back,Fulham,1944
J. Veltman,Full-back,Brighton,1887
T. Castagne,Full-back,Fulham,1855
A. Tuanzebe,Full-back,Ipswich Town,1854
Matheus Nunes,Full-back,Manchester City,1837
J. O'Brien,Full-back,Everton,1757
A. Smith,Full-back,Bournemouth,1749
Y. Sugawara,Full-back,Southampton,1743
R. Manning,Full-back,Southampton,1616
K. Ajer,Full-back,Brentford,1593
B. Johnson,Full-back,Ipswich Town,1521
M. Lewis-Skelly,Full-back,Arsenal,1504
K. Trippier,Full-back,Newcastle United,1447
I. Maatsen,Full-back,Aston Villa,1342
B. White,Full-back,Arsenal,1333
M. Roerslev,Full-back,Brentford,1233
L. Thomas,Full-back,Leicester City,1219
V. Coufal,Full-back,West Ham United,1211
R. James,Full-back,Chelsea,1210
M. Wieffer,Full-back,Brighton,1195
R. Calafiori,Full-back,Arsenal,1099
K. Walker,Full-back,Manchester City,1085
Álex Moreno,Full-back,Nottingham Forest,1043
B. van Rooij,Full-back,Twente,3486
M. Deijl,Full-back,Go Ahead Eagles,3337
C. Verdonk,Full-back,NEC,3250
S. El Karouani,Full-back,Utrecht,3229
V. Zagaritis,Full-back,Almere City,3200
O. Braude,Full-back,Heerenveen,2870
D. Möller Wolfe,Full-back,AZ,2863
J. Hato,Full-back,Ajax,2784
M. Köhlert,Full-back,Heerenveen,2764
Ivo Pinto,Full-back,Fortuna Sittard,2670
B. Kemper,Full-back,NAC Breda,2621
S. Horemans,Full-back,Utrecht,2568
H. Akujobi,Full-back,Almere City,2525
L. Bacuna,Full-back,Groningen,2510
B. Pereira,Full-back,NEC,2390
S. Bakari,Full-back,Sparta Rotterdam,2373
J. Lelieveld,Full-back,RKC Waalwijk,2314
S. Maikuma,Full-back,AZ,2216
M. Benita,Full-back,Heracles,2214
Mauro Júnior,Full-back,PSV,2151
G. Read,Full-back,Feyenoord,2135
M. Tirpan,Full-back,Willem II,2105
S. Floranus,Full-back,PEC Zwolle,2090
R. Sigurgeirsson,Full-back,Willem II,2061
T. Ouwejan,Full-back,NEC,2029
B. Kuipers,Full-back,Twente,2003
D. van der Haar,Full-back,PEC Zwolle,1986
A. Gaaei,Full-back,Ajax,1960
J. Dahlhaus,Full-back,Fortuna Sittard,1928
P. van Aanholt,Full-back,Sparta Rotterdam,1845
D. James,Full-back,Go Ahead Eagles,1835
R. Ledezma,Full-back,PSV,1815
M. Dijks,Full-back,Fortuna Sittard,1809
W. Prins,Full-back,Groningen,1799
F. Al Mazyani,Full-back,RKC Waalwijk,1758
J. Familia-Castillo,Full-back,RKC Waalwijk,1635
D. Kasius,Full-back,AZ,1546
G. Smal,Full-back,Feyenoord,1492
M. Rots,Full-back,Heracles,1409
J. Wieckhoff,Full-back,Heracles,1399
A. Salah-Eddine,Full-back,Twente,1366
E. Reijnders,Full-back,PEC Zwolle,1335
A. Adelgaard,Full-back,Go Ahead Eagles,1332
B. Lucassen,Full-back,NAC Breda,1330
R. Roosken,Full-back,Heracles,1316
Hugo Bueno,Full-back,Feyenoord,1294
C. Valerius,Full-back,NAC Breda,1278
O. Aertssen,Full-back,PEC Zwolle,1217
D. Rensch,Full-back,Ajax,1195
R. Nizet,Full-back,Willem II,1100
J. Mitrović,Full-back,Fortuna Sittard,1046
D. van der Kust,Full-back,Sparta Rotterdam,1015
Leonardo Lelo,Full-back,Casa Pia AC,3124
Garcia,Full-back,Nacional,3013
João Mendes,Full-back,Vitória Guimarães,2938
Zé Carlos,Full-back,Gil Vicente,2873
M. Vrousai,Full-back,Rio Ave,2790
Pastor,Full-back,Farense,2786
Francisco Moura,Full-back,Porto,2719
G. Frimpong,Full-back,Moreirense,2710
Pedro Amaral,Full-back,Estoril,2602
José Gomes,Full-back,Nacional,2573
Wagner Pina,Full-back,Estoril,2451
Gaizka Larrazabal,Full-back,Casa Pia AC,2436
Geovany Quenda,Full-back,Sporting CP,2432
Tiago Esgaio,Full-back,Arouca,2399
Nilton Varela,Full-back,Estrela Amadora,2307
Dinis Pinto,Full-back,Moreirense,2284
Rafa Soares,Full-back,Famalicão,2251
Sandro Cruz,Full-back,Gil Vicente,2174
O. Richards,Full-back,Rio Ave,2165
Rodrigo Pinheiro,Full-back,Famalicão,2112
Geny Catamo,Full-back,Sporting CP,2064
Weverson,Full-back,Arouca,2055
Fernando Fonseca,Full-back,AVS ,2037
Víctor Gómez,Full-back,Sporting Braga,1994
M. Araújo,Full-back,Sporting CP,1947
Diogo Travassos,Full-back,Estrela Amadora,1938
Calila,Full-back,Santa Clara,1916
João Mário,Full-back,Porto,1898
Matheus Pereira,Full-back,Santa Clara,1890
Paulo Victor,Full-back,Farense,1815
Lucas Soares,Full-back,Santa Clara,1759
Kiki,Full-back,AVS ,1713
Álvaro Carreras,Full-back,Benfica,1677
Pedro Gomes,Full-back,Boavista,1574
Francisco Chissumba,Full-back,Sporting Braga,1554
Calegari,Full-back,Famalicão,1548
André Geraldes,Full-back,Casa Pia AC,1526
Maga,Full-back,Vitória Guimarães,1526
Galeno,Full-back,Porto,1463
A. Appiah,Full-back,Nacional,1459
Derick Poloni,Full-back,Farense,1458
Martim Fernandes,Full-back,Porto,1392
Danilo Veiga,Full-back,Estrela Amadora,1300
Fabrício Garcia,Full-back,Estoril,1280
Rafael Rodrigues,Full-back,AVS ,1153
Iván Fresneda,Full-back,Sporting CP,1089
A. Danté,Full-back,Arouca,1075
Bruno Gaspar,Full-back,Vitória Guimarães,1022
A. Truffert,Full-back,Rennes,3016
G. Doué,Full-back,Strasbourg,3012
K. Lala,Full-back,Brest,2984
F. Hanin,Full-back,Angers SCO,2912
A. Dønnum,Full-back,Toulouse,2908
L. Pétrot,Full-back,Saint-Étienne,2854
Luis Henrique,Full-back,Olympique Marseille,2845
Diego Moreira,Full-back,Strasbourg,2806
Sergio Akieme,Full-back,Reims,2756
L. Nego,Full-back,Le Havre,2708
L. Assignon,Full-back,Rennes,2590
J. Clauss,Full-back,Nice,2513
G. Mensah,Full-back,Auxerre,2503
G. Suazo,Full-back,Toulouse,2376
K. Amian,Full-back,Nantes,2375
D. Appiah,Full-back,Saint-Étienne,2359
K. Hoever,Full-back,Auxerre,2289
N. Cozza,Full-back,Nantes,2272
A. Maitland-Niles,Full-back,Olympique Lyonnais,2263
Vanderson,Full-back,Monaco,2261
A. Hakimi,Full-back,PSG,2254
C. Arcus,Full-back,Angers SCO,2227
T. Meunier,Full-back,Lille,2148
Aurélio Buta,Full-back,Reims,2141
M. Bard,Full-back,Nice,2129
N. Tagliafico,Full-back,Olympique Lyonnais,2109
Caio Henrique,Full-back,Monaco,2096
E. Tchato,Full-back,Montpellier,2089
D. Machado,Full-back,Lens,1992
G. Gudmundsson,Full-back,Lille,1979
A. Mandi,Full-back,Lille,1922
M. Haïdara,Full-back,Brest,1870
Nuno Mendes,Full-back,PSG,1826
Q. Merlin,Full-back,Olympique Marseille,1718
A. Abdi,Full-back,Nice,1538
P. Frankowski,Full-back,Lens,1512
L. Raolisoa,Full-back,Angers SCO,1473
F. Sacko,Full-back,Montpellier,1317
N. Sangui,Full-back,Reims,1300
C. Operi,Full-back,Le Havre,1292
T. Pembélé,Full-back,Le Havre,1269
M. Bakker,Full-back,Lille,1257
I. Sylla,Full-back,Montpellier,1240
R. Aguilar,Full-back,Lens,1231
Abner,Full-back,Olympique Lyonnais,1209
W. Kamanzi,Full-back,Toulouse,1162
P. Joly,Full-back,Auxerre,1154
T. Sainte-Luce,Full-back,Montpellier,1116
Y. Zouaoui,Full-back,Le Havre,1083
M. Coco,Full-back,Nantes,1053
S. Kumbedi,Full-back,Olympique Lyonnais,1033
U. Garcia,Full-back,Olympique Marseille,1025
M. Weiser,Full-back,Werder Bremen,3147
P. Treu,Full-back,St. Pauli,3114
M. Wittek,Full-back,Bochum,2908
A. Caci,Full-back,Mainz 05,2862
D. Giannoulis,Full-back,Augsburg,2855
Álex Grimaldo,Full-back,Bayer Leverkusen,2855
P. Mwene,Full-back,Mainz 05,2823
O. Traorè,Full-back,Heidenheim,2811
R. Kristensen,Full-back,Eintracht Frankfurt,2757
J. Scally,Full-back,Borussia Mgladbach,2679
M. Mittelstädt,Full-back,Stuttgart,2678
R. Baku,Full-back,RB Leipzig,2639
F. Passlack,Full-back,Bochum,2505
J. Frimpong,Full-back,Bayer Leverkusen,2505
M. Saliakas,Full-back,St. Pauli,2488
K. Fischer,Full-back,Wolfsburg,2487
C. Günter,Full-back,Freiburg,2474
J. Maehle,Full-back,Wolfsburg,2379
J. Ryerson,Full-back,Borussia Dortmund,2339
M. Wolf,Full-back,Augsburg,2261
F. Porath,Full-back,Holstein Kiel,2157
R. Bensebaini,Full-back,Borussia Dortmund,2118
N. Brown,Full-back,Eintracht Frankfurt,2105
J. Vagnoman,Full-back,Stuttgart,2008
L. Ullrich,Full-back,Borussia Mgladbach,2008
L. Kübler,Full-back,Freiburg,1974
D. Raum,Full-back,RB Leipzig,1920
C. Trimmel,Full-back,Union Berlin,1895
L. Rosenboom,Full-back,Holstein Kiel,1890
F. Agu,Full-back,Werder Bremen,1876
J. Föhrenbach,Full-back,Heidenheim,1875
T. Rothe,Full-back,Union Berlin,1824
J. Haberer,Full-back,Union Berlin,1810
K. Laimer,Full-back,Bayern München,1788
P. Kadeřábek,Full-back,Hoffenheim,1699
L. Geertruida,Full-back,RB Leipzig,1684
A. Prass,Full-back,Hoffenheim,1678
Raphaël Guerreiro,Full-back,Bayern München,1653
A. Davies,Full-back,Bayern München,1578
V. Gendrey,Full-back,Hoffenheim,1546
D. Köhn,Full-back,Werder Bremen,1471
F. Krätzig,Full-back,Heidenheim,1360
R. Hendriks,Full-back,Stuttgart,1306
J. Kamiński,Full-back,Wolfsburg,1281
J. Juranović,Full-back,Union Berlin,1255
G. Holtmann,Full-back,Bochum,1242
L. Netz,Full-back,Borussia Mgladbach,1087
B. Henrichs,Full-back,RB Leipzig,1006
G. Di Lorenzo,Full-back,Napoli,3623
Angeliño,Full-back,Roma,3415
E. Gyasi,Full-back,Empoli,3372
Aarón Martín,Full-back,Genoa,3340
G. Zappa,Full-back,Cagliari,3301
J. Tchatchoua,Full-back,Hellas Verona,3290
Dodô,Full-back,Fiorentina,3257
E. Del Prato,Full-back,Parma,3196
E. Valeri,Full-back,Parma,3081
G. Kyriakopoulos,Full-back,Monza,3039
G. Pezzella,Full-back,Empoli,2974
T. Augello,Full-back,Cagliari,2925
T. Hernández,Full-back,Milan,2922
Pedro Pereira,Full-back,Monza,2826
A. Gallo,Full-back,Lecce,2810
R. Bellanova,Full-back,Atalanta,2659
R. Gosens,Full-back,Fiorentina,2615
F. Guilbert,Full-back,Lecce,2598
K. Ehizibue,Full-back,Udinese,2585
M. Olivera,Full-back,Napoli,2558
A. Marušić,Full-back,Lazio,2555
M. Ellertsson,Full-back,Venezia,2547
Juan Miranda,Full-back,Bologna,2475
V. Lazaro,Full-back,Torino,2457
F. Dimarco,Full-back,Internazionale,2302
A. Cambiaso,Full-back,Juventus,2300
S. Sabelli,Full-back,Genoa,2229
D. Zappacosta,Full-back,Atalanta,2211
H. Kamara,Full-back,Udinese,2143
D. Dumfries,Full-back,Internazionale,2121
M. Vojvoda,Full-back,Como,1973
P. Dorgu,Full-back,Lecce,1971
D. Bradarić,Full-back,Hellas Verona,1945
M. Darmian,Full-back,Internazionale,1917
M. Ruggeri,Full-back,Atalanta,1906
Alberto Moreno,Full-back,Como,1846
A. Zanoli,Full-back,Genoa,1839
Nuno Tavares,Full-back,Lazio,1777
F. Zampano,Full-back,Venezia,1762
N. Savona,Full-back,Juventus,1753
T. Weah,Full-back,Juventus,1740
C. Biraghi,Full-back,Torino,1733
L. Spinazzola,Full-back,Napoli,1663
S. Birindelli,Full-back,Monza,1566
A. Saelemaekers,Full-back,Roma,1563
D. Lazović,Full-back,Hellas Verona,1557
A. Zerbin,Full-back,Venezia,1543
M. Lazzari,Full-back,Lazio,1516
M. Pedersen,Full-back,Torino,1487
Emerson Royal,Full-back,Milan,1482
J. Zemura,Full-back,Udinese,1467
R. Haps,Full-back,Venezia,1412
I. Van der Brempt,Full-back,Como,1359
Álex Jiménez,Full-back,Milan,1356
A. Hainaut,Full-back,Parma,1333
B. Sosa,Full-back,Torino,1268
F. Parisi,Full-back,Fiorentina,1265
E. Holm,Full-back,Bologna,1237
S. Posch,Full-back,Atalanta,1221
L. Pellegrini,Full-back,Lazio,1200
W. Coulibaly,Full-back,Parma,1175
A. Obert,Full-back,Cagliari,1174
C. Lykogiannis,Full-back,Bologna,1134
L. De Silvestri,Full-back,Bologna,1132
Álex Valle,Full-back,Como,1110
A. Candela,Full-back,Venezia,1081
N. Zalewski,Full-back,Internazionale,1078
D. Calabria,Full-back,Bologna,1032
O. El Hilali,Full-back,Espanyol,3461
A. Rațiu,Full-back,Rayo Vallecano,3365
Jesús Areso,Full-back,Osasuna,3351
F. Valverde,Full-back,Real Madrid,3308
N. Tenaglia,Full-back,Deportivo Alavés,3249
Sergi Cardona,Full-back,Villarreal,3239
José Ángel Carmona,Full-back,Sevilla,3217
Juan Iglesias,Full-back,Getafe,3190
Diego Rico,Full-back,Getafe,3132
D. Blind,Full-back,Girona,3047
J. Mojica,Full-back,Mallorca,3032
Óscar Mingueza,Full-back,Celta de Vigo,2999
Manu Sánchez,Full-back,Deportivo Alavés,2885
Pep Chavarría,Full-back,Rayo Vallecano,2883
V. Rosier,Full-back,Leganés,2878
Arnau Martínez,Full-back,Girona,2874
J. Koundé,Full-back,Barcelona,2868
Luis Pérez,Full-back,Real Valladolid,2822
Carlos Romero,Full-back,Espanyol,2817
Marcos Llorente,Full-back,Atlético Madrid,2768
Miguel Gutiérrez,Full-back,Girona,2686
Jon Aramburu,Full-back,Real Sociedad,2672
Mika Mármol,Full-back,Las Palmas,2667
Javi Hernández,Full-back,Leganés,2625
Pablo Maffeo,Full-back,Mallorca,2580
D. Foulquier,Full-back,Valencia,2558
Adrià Pedrosa,Full-back,Sevilla,2513
Alejandro Balde,Full-back,Barcelona,2494
Kiko Femenía,Full-back,Villarreal,2475
Fran García,Full-back,Real Madrid,2380
Lucas Vázquez,Full-back,Real Madrid,2378
Abel Bretones,Full-back,Osasuna,2326
Yuri Berchiche,Full-back,Athletic Bilbao,2242
R. Perraud,Full-back,Real Betis,2238
Viti Rozada,Full-back,Las Palmas,2185
Javi López,Full-back,Real Sociedad,2110
Lucas Rosa,Full-back,Real Valladolid,2084
José Gayá,Full-back,Valencia,1974
Javi Galán,Full-back,Atlético Madrid,1952
Juanlu Sánchez,Full-back,Sevilla,1922
Sergio Carreira,Full-back,Celta de Vigo,1825
Adrià Altimira,Full-back,Leganés,1770
N. Molina,Full-back,Atlético Madrid,1746
Hugo Álvarez,Full-back,Celta de Vigo,1745
Y. Sabaly,Full-back,Real Betis,1716
Óscar De Marcos,Full-back,Athletic Bilbao,1711
Juan Cruz,Full-back,Osasuna,1619
Andoni Gorosabel,Full-back,Athletic Bilbao,1597
Álex Muñoz,Full-back,Las Palmas,1555
Aitor Ruibal,Full-back,Real Betis,1495
I. Balliu,Full-back,Rayo Vallecano,1395
R. Rodríguez,Full-back,Real Betis,1395
Alejandro Francés,Full-back,Girona,1285
Aihen Muñoz,Full-back,Real Sociedad,1187
Marvin Park,Full-back,Las Palmas,1185
Adama Boiro,Full-back,Athletic Bilbao,1184
Gerard Martín,Full-back,Barcelona,1179
Brian Oliván,Full-back,Espanyol,1124
F. Mendy,Full-back,Real Madrid,1089
Reinildo,Full-back,Atlético Madrid,1042
Jesús Vázquez,Full-back,Valencia,1025
Pau Navarro,Full-back,Villarreal,1023
A. Nyom,Full-back,Getafe,1014
M. Caicedo,Midfielder,Chelsea,3728
Bruno Guimarães,Midfielder,Newcastle United,3573
C. Palmer,Midfielder,Chelsea,3530
R. Gravenberch,Midfielder,Liverpool,3466
M. Rogers,Midfielder,Aston Villa,3402
Y. Tielemans,Midfielder,Aston Villa,3355
I. Gueye,Midfielder,Everton,3348
Bruno Fernandes,Midfielder,Manchester United,3332
L. Cook,Midfielder,Bournemouth,3313
E. Fernández,Midfielder,Chelsea,3269
João Gomes,Midfielder,Wolverhampton,3240
Mateus Fernandes,Midfielder,Southampton,3192
M. Damsgaard,Midfielder,Brentford,3129
D. Rice,Midfielder,Arsenal,3100
T. Partey,Midfielder,Arsenal,3085
C. Nørgaard,Midfielder,Brentford,3078
Sam Morsy,Midfielder,Ipswich Town,3021
M. Gibbs-White,Midfielder,Nottingham Forest,3005
E. Anderson,Midfielder,Nottingham Forest,2943
Bernardo Silva,Midfielder,Manchester City,2927
S. Tonali,Midfielder,Newcastle United,2925
C. Baleba,Midfielder,Brighton,2924
A. Mac Allister,Midfielder,Liverpool,2848
T. Souček,Midfielder,West Ham United,2837
O. Hutchinson,Midfielder,Ipswich Town,2812
A. Doucouré,Midfielder,Everton,2788
D. Szoboszlai,Midfielder,Liverpool,2755
André,Midfielder,Wolverhampton,2704
D. Kulusevski,Midfielder,Tottenham Hotspur,2655
Joelinton,Midfielder,Newcastle United,2632
Lucas Paquetà,Midfielder,West Ham United,2611
W. Ndidi,Midfielder,Leicester City,2537
M. Ødegaard,Midfielder,Arsenal,2521
S. Lukić,Midfielder,Fulham,2519
J. Kluivert,Midfielder,Bournemouth,2506
J. Lerma,Midfielder,Crystal Palace,2499
V. Janelt,Midfielder,Brentford,2468
S. Berge,Midfielder,Fulham,2443
B. Soumaré,Midfielder,Leicester City,2413
İ. Gündoğan,Midfielder,Manchester City,2407
M. Kovačić,Midfielder,Manchester City,2383
F. Downes,Midfielder,Southampton,2375
B. El Khannouss,Midfielder,Leicester City,2368
R. Christie,Midfielder,Bournemouth,2278
W. Hughes,Midfielder,Crystal Palace,2276
J. Aribo,Midfielder,Southampton,2237
Y. Ayari,Midfielder,Brighton,2223
E. Smith Rowe,Midfielder,Fulham,2191
R. Yates,Midfielder,Nottingham Forest,2188
T. Adams,Midfielder,Bournemouth,2180
Andreas Pereira,Midfielder,Fulham,2158
N. Domínguez,Midfielder,Nottingham Forest,2152
P. Sarr,Midfielder,Tottenham Hotspur,2108
J. Cajuste,Midfielder,Ipswich Town,2102
J. Maddison,Midfielder,Tottenham Hotspur,1979
M. Ugarte,Midfielder,Manchester United,1953
P. Foden,Midfielder,Manchester City,1933
B. Kamara,Midfielder,Aston Villa,1930
E. Álvarez,Midfielder,West Ham United,1921
C. Jones,Midfielder,Liverpool,1906
K. De Bruyne,Midfielder,Manchester City,1849
J. Ayew,Midfielder,Leicester City,1844
G. Rutter,Midfielder,Brighton,1817
L. Ugochukwu,Midfielder,Southampton,1813
R. Bentancur,Midfielder,Tottenham Hotspur,1795
K. Mainoo,Midfielder,Manchester United,1792
A. Onana,Midfielder,Aston Villa,1788
Mikel Merino,Midfielder,Arsenal,1779
D. Kamada,Midfielder,Crystal Palace,1761
J. Garner,Midfielder,Everton,1755
H. Winks,Midfielder,Leicester City,1705
Casemiro,Midfielder,Manchester United,1664
Y. Yarmoliuk,Midfielder,Brentford,1615
Carlos Soler,Midfielder,West Ham United,1579
J. Ward-Prowse,Midfielder,West Ham United,1574
Y. Bissouma,Midfielder,Tottenham Hotspur,1553
M. Lemina,Midfielder,Wolverhampton,1539
A. Wharton,Midfielder,Crystal Palace,1409
O. Mangala,Midfielder,Everton,1393
L. Bergvall,Midfielder,Tottenham Hotspur,1384
K. Phillips,Midfielder,Ipswich Town,1351
J. Enciso,Midfielder,Ipswich Town,1295
O. Skipp,Midfielder,Leicester City,1277
J. Willock,Midfielder,Newcastle United,1270
G. Rodríguez,Midfielder,West Ham United,1256
C. Eriksen,Midfielder,Manchester United,1216
M. O'Riley,Midfielder,Brighton,1062
J. Taylor,Midfielder,Ipswich Town,1029
Ricardo Horta,Midfielder,Sporting Braga,2990
Luís Esteves,Midfielder,Nacional,2965
Adriano Firmino,Midfielder,Santa Clara,2770
Tomás Händel,Midfielder,Vitória Guimarães,2644
Alan,Midfielder,Moreirense,2630
Gustavo Sá,Midfielder,Famalicão,2564
Joel Silva,Midfielder,Boavista,2535
Lucas Piazón,Midfielder,AVS ,2518
J. Holsgrove,Midfielder,Estoril,2496
Tiago Silva,Midfielder,Vitória Guimarães,2489
M. Topić,Midfielder,Famalicão,2474
M. Hjulmand,Midfielder,Sporting CP,2410
Miguel Reisinho,Midfielder,Boavista,2351
A. Varela,Midfielder,Porto,2308
Jaume Grau,Midfielder,AVS ,2308
T. Fukui,Midfielder,Arouca,2304
K. Fujimoto,Midfielder,Gil Vicente,2278
Vinícius Zanocelo,Midfielder,Estoril,2165
S. Pérez,Midfielder,Boavista,2163
E. Tıknaz,Midfielder,Rio Ave,2122
Ismael,Midfielder,Moreirense,2119
Stephen Eustáquio,Midfielder,Porto,2031
D. Soumaré,Midfielder,Nacional,2000
Léo Cordeiro,Midfielder,Estrela Amadora,1955
Pedro Ferreira,Midfielder,Santa Clara,1951
T. van de Looi,Midfielder,Famalicão,1946
I. Vukotić,Midfielder,Boavista,1900
Fábio Vieira,Midfielder,Porto,1900
Matheus Dias,Midfielder,Nacional,1896
David Simão,Midfielder,Arouca,1890
Miguel Menino,Midfielder,Farense,1890
L. Ofori,Midfielder,Moreirense,1840
A. Kraev,Midfielder,Casa Pia AC,1830
Neto,Midfielder,Farense,1829
João Moutinho,Midfielder,Sporting Braga,1802
João Mendes,Midfielder,Vitória Guimarães,1703
O. Pohlmann,Midfielder,Rio Ave,1686
O. Kökçü,Midfielder,Benfica,1636
Pedro Santos,Midfielder,Arouca,1635
M. Gbane,Midfielder,Gil Vicente,1632
Gustavo Assunção,Midfielder,AVS ,1611
Daniel Penha,Midfielder,Nacional,1603
Santi García,Midfielder,Gil Vicente,1556
João Novais,Midfielder,Rio Ave,1544
Vitor Carvalho,Midfielder,Sporting Braga,1530
F. Cáseres,Midfielder,Gil Vicente,1525
B. Aguilera,Midfielder,Rio Ave,1514
F. Aursnes,Midfielder,Benfica,1509
Rodrigo Zalazar,Midfielder,Sporting Braga,1501
A. Oudrhiri,Midfielder,Estrela Amadora,1494
Rodrigo Mora,Midfielder,Porto,1493
Martim Neto,Midfielder,Rio Ave,1481
Ivo Rodrigues,Midfielder,Moreirense,1478
Nico González,Midfielder,Porto,1449
Florentino,Midfielder,Benfica,1433
Paulo Moreira,Midfielder,Estrela Amadora,1432
Serginho,Midfielder,Santa Clara,1432
I. Camará,Midfielder,Boavista,1430
Sidnei Tavares,Midfielder,Moreirense,1417
H. Morita,Midfielder,Sporting CP,1383
Z. Youssouf,Midfielder,Famalicão,1363
J. Gorby,Midfielder,Sporting Braga,1283
Pablo Roberto,Midfielder,Casa Pia AC,1235
Daniel Bragança,Midfielder,Sporting CP,1183
M. De Amorim,Midfielder,Famalicão,1169
Miguel Sousa,Midfielder,Casa Pia AC,1168
Jandro Orellana,Midfielder,Estoril,1126
Rafael Brito,Midfielder,Casa Pia AC,1120
Manuel Keliano,Midfielder,Estrela Amadora,1061
Beni,Midfielder,Vitória Guimarães,1051
M. Bamba,Midfielder,Gil Vicente,1038
Bruno Costa,Midfielder,Nacional,1019
Xeka,Midfielder,Estoril,1008
P. Koopmeiners,Midfielder,AZ,3196
M. Balard,Midfielder,NAC Breda,3190
S. Steijn,Midfielder,Twente,3187
A. El Azzouzi,Midfielder,PEC Zwolle,3094
B. De Keersmaecker,Midfielder,Heracles,2963
E. Llansana,Midfielder,Go Ahead Eagles,2952
J. Bosch,Midfielder,Willem II,2939
P. Aaronson,Midfielder,Utrecht,2916
R. Fosso,Midfielder,Fortuna Sittard,2713
E. Linthorst,Midfielder,Go Ahead Eagles,2689
K. Taylor,Midfielder,Ajax,2604
S. Mijnans,Midfielder,AZ,2594
L. Smans,Midfielder,Heerenveen,2569
S. Resink,Midfielder,Groningen,2541
E. van Ee,Midfielder,Heerenveen,2423
D. van den Berg,Midfielder,PEC Zwolle,2415
Y. Oukili,Midfielder,RKC Waalwijk,2362
D. Proper,Midfielder,NEC,2356
D. Klaassen,Midfielder,Ajax,2330
A. Verschueren,Midfielder,Twente,2328
L. Rosier,Midfielder,Fortuna Sittard,2312
K. Sano,Midfielder,NEC,2259
J. Breum,Midfielder,Go Ahead Eagles,2237
T. Haye,Midfielder,Almere City,2211
E. Bullaude,Midfielder,Fortuna Sittard,2210
V. van Crooij,Midfielder,NEC,2174
J. Ritmeester van de Kamp,Midfielder,Almere City,2171
L. Brouwers,Midfielder,Heerenveen,2163
G. Til,Midfielder,PSV,2152
Jamiro Monteiro,Midfielder,PEC Zwolle,2112
A. Milambo,Midfielder,Feyenoord,2105
S. Ouaissa,Midfielder,NEC,2105
M. Tillman,Midfielder,PSV,2035
J. Henderson,Midfielder,Ajax,2028
J. Clasie,Midfielder,AZ,1993
M. Sadílek,Midfielder,Twente,1961
J. Veerman,Midfielder,PSV,1960
M. Hoedemakers,Midfielder,NEC,1952
T. van de Loo,Midfielder,RKC Waalwijk,1924
I. Saibari,Midfielder,PSV,1911
P. Clement,Midfielder,Sparta Rotterdam,1900
A. Lachkar,Midfielder,Willem II,1890
J. Hove,Midfielder,Groningen,1879
A. Tahiri,Midfielder,Almere City,1874
O. Fraulo,Midfielder,Utrecht,1857
S. Scheperman,Midfielder,Heracles,1820
C. Leemans,Midfielder,NAC Breda,1793
J. Kitolano,Midfielder,Sparta Rotterdam,1762
Hwang In-Beom,Midfielder,Feyenoord,1756
M. Ihattaren,Midfielder,RKC Waalwijk,1658
B. Lambert,Midfielder,Willem II,1646
G. Roemeratoe,Midfielder,RKC Waalwijk,1633
C. Eiting,Midfielder,Sparta Rotterdam,1594
Y. Regeer,Midfielder,Ajax,1575
Zidane Iqbal,Midfielder,Utrecht,1529
Q. Timber,Midfielder,Feyenoord,1524
K. Hlynsson,Midfielder,Sparta Rotterdam,1514
J. Toornstra,Midfielder,Utrecht,1460
M. Linday,Midfielder,Heerenveen,1446
A. Engwanda,Midfielder,Utrecht,1411
S. Bastien,Midfielder,Fortuna Sittard,1405
G. Zechiël,Midfielder,Sparta Rotterdam,1400
J. Schouten,Midfielder,PSV,1399
F. Oldrup Jensen,Midfielder,NAC Breda,1388
T. de Jonge,Midfielder,Groningen,1372
Z. Buurmeester,Midfielder,AZ,1347
K. Fitz-Jim,Midfielder,Ajax,1335
D. Janošek,Midfielder,NAC Breda,1300
J. Moder,Midfielder,Feyenoord,1288
K. Smit,Midfielder,AZ,1269
V. Jensen,Midfielder,Utrecht,1244
T. Bruns,Midfielder,Heracles,1238
R. Zerrouki,Midfielder,Feyenoord,1206
D. van Kaam,Midfielder,Heracles,1202
S. ’t Zand,Midfielder,Feyenoord,1193
M. Kjølø,Midfielder,Twente,1159
E. Michut,Midfielder,Fortuna Sittard,1111
Rober González,Midfielder,NEC,1062
J. Žambůrek,Midfielder,Heracles,1011
K. Sano,Midfielder,Mainz 05,3335
G. Xhaka,Midfielder,Bayer Leverkusen,3151
R. Schmid,Midfielder,Werder Bremen,3070
M. Eggestein,Midfielder,Freiburg,3055
A. Stiller,Midfielder,Stuttgart,3001
J. Weigl,Midfielder,Borussia Mgladbach,3001
R. Khedira,Midfielder,Union Berlin,2964
J. Kimmich,Midfielder,Bayern München,2962
A. Kramarić,Midfielder,Hoffenheim,2947
S. Lynen,Midfielder,Werder Bremen,2944
J. Irvine,Midfielder,St. Pauli,2833
A. Karazor,Midfielder,Stuttgart,2821
I. Sissoko,Midfielder,Bochum,2802
A. Stach,Midfielder,Hoffenheim,2788
M. Bero,Midfielder,Bochum,2787
J. Schöppner,Midfielder,Heidenheim,2776
F. Onyeka,Midfielder,Augsburg,2764
T. Bischof,Midfielder,Hoffenheim,2728
N. Amiri,Midfielder,Mainz 05,2677
N. Remberg,Midfielder,Holstein Kiel,2673
H. Larsson,Midfielder,Eintracht Frankfurt,2587
M. Arnold,Midfielder,Wolfsburg,2585
F. Wirtz,Midfielder,Bayer Leverkusen,2570
K. Jakić,Midfielder,Augsburg,2495
J. Brandt,Midfielder,Borussia Dortmund,2484
P. Osterhage,Midfielder,Freiburg,2439
E. Skhiri,Midfielder,Eintracht Frankfurt,2427
J. Stage,Midfielder,Werder Bremen,2397
P. Groß,Midfielder,Borussia Dortmund,2393
N. Seiwald,Midfielder,RB Leipzig,2263
A. Claude-Maurice,Midfielder,Augsburg,2227
A. Gigović,Midfielder,Holstein Kiel,2038
M. Knudsen,Midfielder,Holstein Kiel,2036
L. Höler,Midfielder,Freiburg,2018
E. Millot,Midfielder,Stuttgart,1993
A. Pléa,Midfielder,Borussia Mgladbach,1936
E. Rexhbecaj,Midfielder,Augsburg,1935
R. Reitz,Midfielder,Borussia Mgladbach,1861
J. Musiala,Midfielder,Bayern München,1823
P. Wanner,Midfielder,Heidenheim,1812
C. Boukhalfa,Midfielder,St. Pauli,1761
R. Andrich,Midfielder,Bayer Leverkusen,1724
K. Kampl,Midfielder,RB Leipzig,1714
Y. Gerhardt,Midfielder,Wolfsburg,1706
A. Vermeeren,Midfielder,RB Leipzig,1686
K. Stöger,Midfielder,Borussia Mgladbach,1683
A. Beck,Midfielder,Heidenheim,1674
A. Schäfer,Midfielder,Union Berlin,1661
M. Sabitzer,Midfielder,Borussia Dortmund,1661
Aleix García,Midfielder,Bayer Leverkusen,1617
F. Nmecha,Midfielder,Borussia Dortmund,1564
A. Pavlović,Midfielder,Bayern München,1539
P. Sander,Midfielder,Borussia Mgladbach,1511
N. Tella,Midfielder,Bayer Leverkusen,1481
N. Dorsch,Midfielder,Heidenheim,1446
A. Haidara,Midfielder,RB Leipzig,1420
B. Dárdai,Midfielder,Wolfsburg,1403
L. Goretzka,Midfielder,Bayern München,1361
L. Holtby,Midfielder,Holstein Kiel,1357
Jeong Woo-Yeong,Midfielder,Union Berlin,1354
M. Svanberg,Midfielder,Wolfsburg,1305
E. Palacios,Midfielder,Bayer Leverkusen,1289
D. de Wit,Midfielder,Bochum,1284
E. Dinkçi,Midfielder,Freiburg,1282
T. Müller,Midfielder,Bayern München,1281
A. Losilla,Midfielder,Bochum,1227
T. Krauß,Midfielder,Bochum,1166
L. Bittencourt,Midfielder,Werder Bremen,1117
A. Maier,Midfielder,Augsburg,1066
M. Röhl,Midfielder,Freiburg,1047
A. Kemlein,Midfielder,Union Berlin,1000
Andrey Santos,Midfielder,Strasbourg,3150
H. Abdelli,Midfielder,Angers SCO,3097
V. Atangana,Midfielder,Reims,3091
B. André,Midfielder,Lille,2980
P. Højbjerg,Midfielder,Olympique Marseille,2927
C. Cásseres,Midfielder,Toulouse,2919
M. Camara,Midfielder,Brest,2900
A. Thomasson,Midfielder,Lens,2848
P. Ekwah,Midfielder,Saint-Étienne,2786
A. Rabiot,Midfielder,Olympique Marseille,2726
H. Boudaoui,Midfielder,Nice,2673
V. Sierro,Midfielder,Toulouse,2614
C. Tolisso,Midfielder,Olympique Lyonnais,2577
H. Diarra,Midfielder,Strasbourg,2565
T. Savanier,Midfielder,Montpellier,2549
E. Owusu,Midfielder,Auxerre,2548
H. Magnetti,Midfielder,Brest,2538
A. Touré,Midfielder,Le Havre,2535
Pedro Chirivella,Midfielder,Nantes,2511
Douglas Augusto,Midfielder,Nantes,2507
L. Blas,Midfielder,Rennes,2504
T. Minamino,Midfielder,Monaco,2421
A. Diouf,Midfielder,Lens,2408
D. Zakaria,Midfielder,Monaco,2359
A. Matusiwa,Midfielder,Rennes,2320
Y. Kechta,Midfielder,Le Havre,2253
Vitinha,Midfielder,PSG,2246
L. Camara,Midfielder,Monaco,2242
W. Zaire-Emery,Midfielder,PSG,2236
J. Lepenant,Midfielder,Nantes,2229
N. Matić,Midfielder,Olympique Lyonnais,2182
J. Aholou,Midfielder,Angers SCO,2103
Fabián Ruiz,Midfielder,PSG,2098
J. Chotard,Midfielder,Montpellier,2021
João Neves,Midfielder,PSG,2008
H. Belkebla,Midfielder,Angers SCO,1972
P. Rosario,Midfielder,Nice,1966
B. Bouchouari,Midfielder,Saint-Étienne,1948
H. Haraldsson,Midfielder,Lille,1928
J. Ferri,Midfielder,Montpellier,1911
D. Doué,Midfielder,PSG,1878
M. Munetsi,Midfielder,Reims,1853
R. Nzingoula,Midfielder,Montpellier,1824
N. El Aynaoui,Midfielder,Lens,1773
J. Veretout,Midfielder,Olympique Lyonnais,1723
V. Rongier,Midfielder,Olympique Marseille,1714
Y. Belkhdim,Midfielder,Angers SCO,1702
P. Lees-Melou,Midfielder,Brest,1677
K. Danois,Midfielder,Auxerre,1626
B. Santamaria,Midfielder,Nice,1547
K. Doumbia,Midfielder,Brest,1495
J. Mwanga,Midfielder,Le Havre,1404
T. Tessmann,Midfielder,Olympique Lyonnais,1400
Amadou Koné,Midfielder,Reims,1386
André Gomes,Midfielder,Lille,1384
F. Tardieu,Midfielder,Saint-Étienne,1361
N. Mukau,Midfielder,Lille,1314
J. James,Midfielder,Rennes,1313
A. Bouaddi,Midfielder,Lille,1285
E. Fernandes,Midfielder,Brest,1265
V. Barco,Midfielder,Strasbourg,1243
T. Ndombèlé,Midfielder,Nice,1224
R. Ndiaye,Midfielder,Le Havre,1200
D. Cissé,Midfielder,Rennes,1192
S. Magassa,Midfielder,Monaco,1172
A. Fulgini,Midfielder,Lens,1168
L. Mouton,Midfielder,Saint-Étienne,1156
H. Massengo,Midfielder,Auxerre,1155
A. Moueffek,Midfielder,Saint-Étienne,1130
O. Targhalline,Midfielder,Le Havre,1059
T. Almada,Midfielder,Olympique Lyonnais,1053
R. Faivre,Midfielder,Brest,1003
F. Valverde,Midfielder,Real Madrid,3308
Martín Zubimendi,Midfielder,Real Sociedad,3236
Lucas Torró,Midfielder,Osasuna,3225
Aimar Oroz,Midfielder,Osasuna,3215
Luis Milla,Midfielder,Getafe,3170
Pedri,Midfielder,Barcelona,3136
A. Král,Midfielder,Espanyol,3030
Antonio Blanco,Midfielder,Deportivo Alavés,2983
A. Tchouaméni,Midfielder,Real Madrid,2941
M. Arambarri,Midfielder,Getafe,2932
Samú Costa,Midfielder,Mallorca,2883
Javi Muñoz,Midfielder,Las Palmas,2871
Santi Comesaña,Midfielder,Villarreal,2840
Javi Guerra,Midfielder,Valencia,2799
J. Bellingham,Midfielder,Real Madrid,2713
R. Tapia,Midfielder,Leganés,2654
Fran Beltrán,Midfielder,Celta de Vigo,2650
S. Cissé,Midfielder,Leganés,2619
Pablo Barrios,Midfielder,Atlético Madrid,2544
Y. Neyou,Midfielder,Leganés,2522
Dani Parejo,Midfielder,Villarreal,2509
Mikel Jauregizar,Midfielder,Athletic Bilbao,2454
Y. Herrera,Midfielder,Girona,2453
P. Gueye,Midfielder,Villarreal,2445
Isi Palazón,Midfielder,Rayo Vallecano,2387
Johnny Cardoso,Midfielder,Real Betis,2375
E. Barrenechea,Midfielder,Valencia,2361
L. Agoumé,Midfielder,Sevilla,2348
P. Ciss,Midfielder,Rayo Vallecano,2347
Ilaix Moriba,Midfielder,Celta de Vigo,2346
R. De Paul,Midfielder,Atlético Madrid,2293
Jon Moncayola,Midfielder,Osasuna,2268
Jon Guridi,Midfielder,Deportivo Alavés,2256
D. Sow,Midfielder,Sevilla,2256
Iván Martín,Midfielder,Girona,2222
Omar Mascarell,Midfielder,Mallorca,2200
Ander Guevara,Midfielder,Deportivo Alavés,2188
Sergi Altimira,Midfielder,Real Betis,2171
André Almeida,Midfielder,Valencia,2165
Koke,Midfielder,Atlético Madrid,2109
Dário Essugo,Midfielder,Las Palmas,2098
Pol Lozano,Midfielder,Espanyol,2083
Óscar Valentín,Midfielder,Rayo Vallecano,2062
Pablo Fornals,Midfielder,Real Betis,1994
L. Modrić,Midfielder,Real Madrid,1990
Pepelu,Midfielder,Valencia,1960
L. Sučić,Midfielder,Real Sociedad,1949
Mario Martín,Midfielder,Real Valladolid,1911
S. Jurić,Midfielder,Real Valladolid,1898
Kirian Rodríguez,Midfielder,Las Palmas,1878
Beñat Prados,Midfielder,Athletic Bilbao,1849
Unai López,Midfielder,Rayo Vallecano,1840
Oihan Sancet,Midfielder,Athletic Bilbao,1758
Marc Casadó,Midfielder,Barcelona,1756
Saúl Ñíguez,Midfielder,Sevilla,1719
Isco,Midfielder,Real Betis,1710
Brais Méndez,Midfielder,Real Sociedad,1652
G. Lo Celso,Midfielder,Real Betis,1617
A. Sambi Lokonga,Midfielder,Sevilla,1610
D. van de Beek,Midfielder,Girona,1578
Iñigo Ruiz de Galarreta,Midfielder,Athletic Bilbao,1571
Joan Jordán,Midfielder,Deportivo Alavés,1570
Urko González,Midfielder,Espanyol,1528
S. Amallah,Midfielder,Real Valladolid,1481
Oriol Romeu,Midfielder,Girona,1479
Manu Morlanes,Midfielder,Mallorca,1469
Pablo Ibáñez,Midfielder,Osasuna,1436
Unai Gómez,Midfielder,Athletic Bilbao,1417
Fermín López,Midfielder,Barcelona,1386
Hugo Sotelo,Midfielder,Celta de Vigo,1370
Pablo Marín,Midfielder,Real Sociedad,1355
Pedro Díaz,Midfielder,Rayo Vallecano,1355
Dani Olmo,Midfielder,Barcelona,1344
Dani Ceballos,Midfielder,Real Madrid,1325
José Campaña,Midfielder,Las Palmas,1308
Kike Pérez,Midfielder,Real Valladolid,1292
F. de Jong,Midfielder,Barcelona,1288
Peque Fernández,Midfielder,Sevilla,1255
E. Camavinga,Midfielder,Real Madrid,1222
Gavi,Midfielder,Barcelona,1207
Edu Expósito,Midfielder,Espanyol,1145
Mikel Vesga,Midfielder,Athletic Bilbao,1105
Damián Rodríguez,Midfielder,Celta de Vigo,1059
Beñat Turrientes,Midfielder,Real Sociedad,1034
Stefan Bajčetić,Midfielder,Las Palmas,1032
Arthur,Midfielder,Girona,1017
M. Guendouzi,Midfielder,Lazio,3543
R. Freuler,Midfielder,Bologna,3449
T. Reijnders,Midfielder,Milan,3384
M. Frendrup,Midfielder,Genoa,3353
J. Karlström,Midfielder,Udinese,3340
M. de Roon,Midfielder,Atalanta,3306
S. Sohm,Midfielder,Parma,3212
S. McTominay,Midfielder,Napoli,3160
F. Anguissa,Midfielder,Napoli,3087
Éderson,Midfielder,Atalanta,3087
S. Ricci,Midfielder,Torino,3025
H. Nicolussi Caviglia,Midfielder,Venezia,2963
N. Rovella,Midfielder,Lazio,2922
M. Locatelli,Midfielder,Juventus,2896
Nico Paz,Midfielder,Como,2887
L. Coulibaly,Midfielder,Lecce,2880
S. Lobotka,Midfielder,Napoli,2822
L. da Cunha,Midfielder,Como,2786
A. Bianco,Midfielder,Monza,2786
M. Koné,Midfielder,Roma,2755
Y. Fofana,Midfielder,Milan,2697
N. Barella,Midfielder,Internazionale,2680
G. Busio,Midfielder,Venezia,2679
M. Adopo,Midfielder,Cagliari,2564
H. Mkhitaryan,Midfielder,Internazionale,2537
O. Duda,Midfielder,Hellas Verona,2456
S. Lovrič,Midfielder,Udinese,2446
W. McKennie,Midfielder,Juventus,2442
L. Henderson,Midfielder,Empoli,2425
K. Thuram,Midfielder,Juventus,2394
B. Dia,Midfielder,Lazio,2324
A. Makoumbou,Midfielder,Cagliari,2269
N. Vlašić,Midfielder,Torino,2262
A. Grassi,Midfielder,Empoli,2233
B. Cristante,Midfielder,Roma,2195
T. Koopmeiners,Midfielder,Juventus,2116
T. Suslov,Midfielder,Hellas Verona,2112
M. Pašalić,Midfielder,Atalanta,2109
H. Çalhanoğlu,Midfielder,Internazionale,2069
J. Odgaard,Midfielder,Bologna,2065
M. Thorsby,Midfielder,Genoa,2042
M. Perrone,Midfielder,Como,2024
R. Belahyane,Midfielder,Lazio,2001
R. Mandragora,Midfielder,Fiorentina,1985
M. Keita,Midfielder,Parma,1970
Y. Ramadani,Midfielder,Lecce,1940
W. Bondo,Midfielder,Milan,1913
M. Soulé,Midfielder,Roma,1886
B. Pierret,Midfielder,Lecce,1846
D. Cataldi,Midfielder,Fiorentina,1843
L. Pellegrini,Midfielder,Roma,1725
P. Masini,Midfielder,Genoa,1673
K. Linetty,Midfielder,Torino,1661
Y. Maleh,Midfielder,Empoli,1613
N. Fagioli,Midfielder,Fiorentina,1596
A. Deiola,Midfielder,Cagliari,1575
M. Badelj,Midfielder,Genoa,1566
R. Marin,Midfielder,Cagliari,1562
Adrián Bernabé,Midfielder,Parma,1561
G. Gineitis,Midfielder,Torino,1557
M. Payero,Midfielder,Udinese,1503
L. Paredes,Midfielder,Roma,1469
Hernani,Midfielder,Parma,1408
S. Serdar,Midfielder,Hellas Verona,1377
J. Fazzini,Midfielder,Empoli,1375
D. Frattesi,Midfielder,Internazionale,1364
N. Pisilli,Midfielder,Roma,1359
N. Viola,Midfielder,Cagliari,1352
Y. Adli,Midfielder,Fiorentina,1349
A. Gudmundsson,Midfielder,Fiorentina,1339
L. Samardžić,Midfielder,Atalanta,1320
N. Moro,Midfielder,Bologna,1297
Y. Engelhardt,Midfielder,Como,1293
B. Gilmour,Midfielder,Napoli,1290
T. Pobega,Midfielder,Bologna,1288
Þ. Helgason,Midfielder,Lecce,1249
G. Fabbian,Midfielder,Bologna,1155
Kike Pérez,Midfielder,Venezia,1153
A. Richardson,Midfielder,Fiorentina,1152
R. Loftus-Cheek,Midfielder,Milan,1151
T. Anjorin,Midfielder,Empoli,1151
M. Caqueret,Midfielder,Como,1137
G. Gaetano,Midfielder,Cagliari,1127
H. Rafia,Midfielder,Lecce,1123
M. Brescianini,Midfielder,Atalanta,1108
K. Asllani,Midfielder,Internazionale,1094
P. Zieliński,Midfielder,Internazionale,1084
C. Casadei,Midfielder,Torino,1077
L. Ferguson,Midfielder,Bologna,1074
A. Duncan,Midfielder,Venezia,1041
F. Dele-Bashiru,Midfielder,Lazio,1030
I. Ilić,Midfielder,Torino,1025
J. Akpa Akpro,Midfielder,Monza,1020
B. Mbeumo,Winger,Brentford,3755
Mohamed Salah,Winger,Liverpool,3706
C. Palmer,Winger,Chelsea,3530
A. Semenyo,Winger,Bournemouth,3509
M. Rogers,Winger,Aston Villa,3402
Bruno Fernandes,Winger,Manchester United,3332
A. Iwobi,Winger,Fulham,3220
Mateus Fernandes,Winger,Southampton,3192
M. Gibbs-White,Winger,Nottingham Forest,3005
I. Sarr,Winger,Crystal Palace,2953
Matheus Cunha,Winger,Wolverhampton,2883
K. Mitoma,Winger,Brighton,2875
O. Hutchinson,Winger,Ipswich Town,2812
L. Trossard,Winger,Arsenal,2808
E. Eze,Winger,Crystal Palace,2789
A. Doucouré,Winger,Everton,2788
D. Szoboszlai,Winger,Liverpool,2755
M. Kudus,Winger,West Ham United,2793
A. Elanga,Winger,Nottingham Forest,2750
A. Gordon,Winger,Newcastle United,2633
I. Ndiaye,Winger,Everton,2628
L. Díaz,Winger,Liverpool,2599
J. Murphy,Winger,Newcastle United,2550
Pedro Neto,Winger,Chelsea,2535
J. Kluivert,Winger,Bournemouth,2506
K. Schade,Winger,Brentford,2496
Gabriel Martinelli,Winger,Arsenal,2488
A. Garnacho,Winger,Manchester United,2458
J. McGinn,Winger,Aston Villa,2455
B. Johnson,Winger,Tottenham Hotspur,2400
B. El Khannouss,Winger,Leicester City,2368
C. Hudson-Odoi,Winger,Nottingham Forest,2366
Son Heung-Min,Winger,Tottenham Hotspur,2318
J. Harrison,Winger,Everton,2269
Dango Ouattara,Winger,Bournemouth,2227
N. Madueke,Winger,Chelsea,2222
E. Smith Rowe,Winger,Fulham,2191
M. Tavernier,Winger,Bournemouth,2151
C. Gakpo,Winger,Liverpool,2131
A. Diallo,Winger,Manchester United,2099
T. Dibling,Winger,Southampton,2082
Y. Minteh,Winger,Brighton,2009
H. Barnes,Winger,Newcastle United,1980
Adama Traoré,Winger,Fulham,1967
J. Sancho,Winger,Chelsea,1958
P. Foden,Winger,Manchester City,1933
Savinho,Winger,Manchester City,1912
B. Saka,Winger,Arsenal,1884
K. De Bruyne,Winger,Manchester City,1849
J. Ayew,Winger,Leicester City,1844
J. Bellegarde,Winger,Wolverhampton,1841
G. Rutter,Winger,Brighton,1817
J. Ramsey,Winger,Aston Villa,1777
S. Mavididi,Winger,Leicester City,1768
F. Buonanotte,Winger,Leicester City,1714
J. Doku,Winger,Manchester City,1669
R. Manning,Winger,Southampton,1616
Carlos Soler,Winger,West Ham United,1579
K. Sulemana,Winger,Southampton,1557
M. Rashford,Winger,Aston Villa,1552
D. McNeil,Winger,Everton,1524
J. Lindstrøm,Winger,Everton,1355
J. Clarke,Winger,Ipswich Town,1347
H. Wilson,Winger,Fulham,1300
J. Enciso,Winger,Ipswich Town,1295
L. Bailey,Winger,Aston Villa,1290
S. Adingra,Winger,Brighton,1289
M. Munetsi,Winger,Wolverhampton,1179
D. Brooks,Winger,Bournemouth,1121
S. Szmodics,Winger,Ipswich Town,1083
M. O'Riley,Winger,Brighton,1062
Jota Silva,Winger,Nottingham Forest,1048
E. Nwaneri,Winger,Arsenal,1031
W. Burns,Winger,Ipswich Town,1024
S. Steijn,Winger,Twente,3187
R. Meerveld,Winger,Willem II,3143
Igor Paixão,Winger,Feyenoord,3100
M. Vlap,Winger,Twente,2813
L. Valente,Winger,Groningen,2721
L. Sauer,Winger,NAC Breda,2651
S. Mijnans,Winger,AZ,2594
L. Smans,Winger,Heerenveen,2569
O. Antman,Winger,Go Ahead Eagles,2567
S. Podgoreanu,Winger,Heracles,2494
D. Rots,Winger,Twente,2417
M. Engels,Winger,Heracles,2366
F. Krastev,Winger,PEC Zwolle,2339
A. Verschueren,Winger,Twente,2328
J. Kadile,Winger,Almere City,2324
J. Breum,Winger,Go Ahead Eagles,2237
D. Mbayo,Winger,PEC Zwolle,2231
E. Bullaude,Winger,Fortuna Sittard,2210
V. van Crooij,Winger,NEC,2174
L. Brouwers,Winger,Heerenveen,2163
G. Til,Winger,PSV,2152
A. Hadj-Moussa,Winger,Feyenoord,2146
S. Hansen,Winger,NEC,2124
Jamiro Monteiro,Winger,PEC Zwolle,2112
A. Milambo,Winger,Feyenoord,2105
S. Ouaissa,Winger,NEC,2105
J. Schreuders,Winger,Groningen,2086
I. Sebaoui,Winger,Heerenveen,2061
Y. Cathline,Winger,Utrecht,2052
M. van Bergen,Winger,Sparta Rotterdam,2043
K. Hansen,Winger,Almere City,2036
N. Lang,Winger,PSV,2015
J. Trenskow,Winger,Heerenveen,1939
K. Peterson,Winger,Fortuna Sittard,1925
I. Perišić,Winger,PSV,1913
O. Fraulo,Winger,Utrecht,1857
A. Halilović,Winger,Fortuna Sittard,1852
B. Traoré,Winger,Ajax,1827
M. Nassoh,Winger,Sparta Rotterdam,1798
E. Poku,Winger,AZ,1795
R. van Bommel,Winger,AZ,1786
M. Godts,Winger,Ajax,1735
J. Bakayoko,Winger,PSV,1709
S. Mito,Winger,Sparta Rotterdam,1700
J. Talvitie,Winger,Heracles,1681
M. Ihattaren,Winger,RKC Waalwijk,1658
B. Önal,Winger,NEC,1627
M. Suray,Winger,Go Ahead Eagles,1580
N. Doodeman,Winger,Willem II,1553
S. Berghuis,Winger,Ajax,1550
A. Jahanbakhsh,Winger,Heerenveen,1549
C. Neghli,Winger,Sparta Rotterdam,1543
K. Hlynsson,Winger,Sparta Rotterdam,1514
J. Toornstra,Winger,Utrecht,1460
S. Ltaief,Winger,Twente,1323
Miguel Rodríguez,Winger,Utrecht,1318
D. Janošek,Winger,NAC Breda,1300
O. Edvardsen,Winger,Ajax,1299
D. Kwakman,Winger,Groningen,1276
V. Jensen,Winger,Utrecht,1244
T. Bruns,Winger,Heracles,1238
D. Cleonise,Winger,RKC Waalwijk,1218
S. ’t Zand,Winger,Feyenoord,1193
Y. Namli,Winger,PEC Zwolle,1184
I. Sadiq,Winger,AZ,1137
E. Kehrer,Winger,Willem II,1105
C. Lokesa,Winger,RKC Waalwijk,1102
Rober González,Winger,NEC,1062
Francisco Trincão,Winger,Sporting CP,3170
Félix Correia,Winger,Gil Vicente,3061
Ricardo Horta,Winger,Sporting Braga,2990
Gabriel Silva,Winger,Santa Clara,2939
Salvador Agra,Winger,Boavista,2892
Pastor,Winger,Farense,2786
Óscar Aranda,Winger,Famalicão,2679
Alan,Winger,Moreirense,2630
Gustavo Sá,Winger,Famalicão,2564
A. Trezza,Winger,Arouca,2556
Lucas Piazón,Winger,AVS ,2518
M. Sylla,Winger,Arouca,2465
J. Mercado,Winger,AVS ,2424
João Carvalho,Winger,Estoril,2400
Jason,Winger,Arouca,2362
Vinícius Lopes,Winger,Santa Clara,2358
K. Fujimoto,Winger,Gil Vicente,2278
Pepê,Winger,Porto,2091
Kiko Bondoso,Winger,Rio Ave,2062
Sorriso,Winger,Famalicão,2051
Nuno Santos,Winger,Vitória Guimarães,2022
J. Livolant,Winger,Casa Pia AC,1954
Matheus Pereira,Winger,Santa Clara,1890
Roger,Winger,Sporting Braga,1877
André Luiz,Winger,Rio Ave,1852
Paulo Victor,Winger,Farense,1815
Benny,Winger,Moreirense,1738
Tiago Morais,Winger,Rio Ave,1705
João Mendes,Winger,Vitória Guimarães,1703
O. Pohlmann,Winger,Rio Ave,1686
Gabri Martínez,Winger,Sporting Braga,1625
Daniel Penha,Winger,Nacional,1603
Nuno Moreira,Winger,Casa Pia AC,1586
A. Ruiz,Winger,Estrela Amadora,1560
Gil Dias,Winger,Famalicão,1535
Bruma,Winger,Benfica,1529
F. Aursnes,Winger,Benfica,1509
Rodrigo Zalazar,Winger,Sporting Braga,1501
Rodrigo Mora,Winger,Porto,1493
Ivo Rodrigues,Winger,Moreirense,1478
Dudu Teodora,Winger,Nacional,1471
Derick Poloni,Winger,Farense,1458
L. Bucca,Winger,Estrela Amadora,1450
Telmo Arcanjo,Winger,Vitória Guimarães,1426
Marco Matias,Winger,Farense,1419
Ricardinho,Winger,Santa Clara,1341
Rúben Macedo,Winger,Nacional,1328
Kaio César,Winger,Vitória Guimarães,1313
Jovane Cabral,Winger,Estrela Amadora,1301
T. Akinsola,Winger,AVS ,1244
Madson,Winger,Moreirense,1242
Fábio Ronaldo,Winger,Estrela Amadora,1231
Jordi Mboula,Winger,Gil Vicente,1184
Ismael Gharbi,Winger,Sporting Braga,1174
K. Aktürkoğlu,Winger,Benfica,1174
Rony Lopes,Winger,Farense,1137
Elves Baldé,Winger,Farense,1134
Vasco Lopes,Winger,AVS ,1133
T. Touré,Winger,Gil Vicente,1129
Á. Di María,Winger,Benfica,1096
Paulinho Bóia,Winger,Nacional,1076
Bruno Costa,Winger,Nacional,1019
Gabrielzinho,Winger,Moreirense,1001
H. Abdelli,Winger,Angers SCO,3097
M. Greenwood,Winger,Olympique Marseille,3021
Z. Davitashvili,Winger,Saint-Étienne,2980
J. Ito,Winger,Reims,2914
G. Perrin,Winger,Auxerre,2907
K. Nakamura,Winger,Reims,2861
M. Simon,Winger,Nantes,2816
A. Rabiot,Winger,Olympique Marseille,2726
D. Bakwa,Winger,Strasbourg,2693
M. Akliouche,Winger,Monaco,2656
T. Savanier,Winger,Montpellier,2549
Y. Gboho,Winger,Toulouse,2524
L. Blas,Winger,Rennes,2504
G. Mensah,Winger,Auxerre,2503
T. Minamino,Winger,Monaco,2421
B. Barcola,Winger,PSG,2337
K. Hoever,Winger,Auxerre,2289
H. Traoré,Winger,Auxerre,2265
S. Nanasi,Winger,Strasbourg,2254
Y. Kechta,Winger,Le Havre,2253
R. Cherki,Winger,Olympique Lyonnais,2225
J. Casimir,Winger,Le Havre,2182
I. Soumaré,Winger,Le Havre,2104
Z. Aboukhlal,Winger,Toulouse,2064
F. El Melali,Winger,Angers SCO,2059
D. Machado,Winger,Lens,1992
E. Ben Seghir,Winger,Monaco,1936
H. Haraldsson,Winger,Lille,1928
J. Allevinah,Winger,Angers SCO,1879
D. Doué,Winger,PSG,1878
O. Dembélé,Winger,PSG,1862
Lee Kang-In,Winger,PSG,1796
M. Fofana,Winger,Olympique Lyonnais,1782
M. Pereira Lage,Winger,Brest,1742
T. Coulibaly,Winger,Montpellier,1596
A. Zaroury,Winger,Lens,1535
K. Doumbia,Winger,Brest,1495
O. Sahraoui,Winger,Lille,1457
S. Thomas,Winger,Nantes,1432
R. Del Castillo,Winger,Brest,1389
A. Sima,Winger,Brest,1374
S. Babicka,Winger,Toulouse,1342
A. Golovin,Winger,Monaco,1301
C. Operi,Winger,Le Havre,1292
A. Nordin,Winger,Montpellier,1275
B. Bouanani,Winger,Nice,1235
R. Aguilar,Winger,Lens,1231
S. Diop,Winger,Nice,1226
M. Fernandez-Pardo,Winger,Lille,1180
A. Fulgini,Winger,Lens,1168
E. Nuamah,Winger,Olympique Lyonnais,1159
P. Joly,Winger,Auxerre,1154
J. Boga,Winger,Nice,1145
K. Fayad,Winger,Montpellier,1143
R. Cabella,Winger,Lille,1129
A. Onaiwu,Winger,Auxerre,1129
T. Sainte-Luce,Winger,Montpellier,1116
I. Cardona,Winger,Saint-Étienne,1114
A. Joujou,Winger,Le Havre,1091
E. Zhegrova,Winger,Lille,1055
T. Almada,Winger,Olympique Lyonnais,1053
R. Faivre,Winger,Brest,1003
R. Doan,Winger,Freiburg,3055
A. Kramarić,Winger,Hoffenheim,2947
Lee Jae-Sung,Winger,Mainz 05,2862
V. Grifo,Winger,Freiburg,2594
F. Wirtz,Winger,Bayer Leverkusen,2570
P. Nebel,Winger,Mainz 05,2561
J. Brandt,Winger,Borussia Dortmund,2484
M. Olise,Winger,Bayern München,2468
X. Simons,Winger,RB Leipzig,2309
A. Claude-Maurice,Winger,Augsburg,2227
R. Hack,Winger,Borussia Mgladbach,2225
C. Führich,Winger,Stuttgart,2141
L. Höler,Winger,Freiburg,2018
E. Millot,Winger,Stuttgart,1993
A. Pléa,Winger,Borussia Mgladbach,1936
M. Guilavogui,Winger,St. Pauli,1929
J. Gittens,Winger,Borussia Dortmund,1849
J. Musiala,Winger,Bayern München,1823
P. Wanner,Winger,Heidenheim,1812
O. Afolayan,Winger,St. Pauli,1783
J. Leweling,Winger,Stuttgart,1765
C. Baumgartner,Winger,RB Leipzig,1752
A. Knauff,Winger,Eintracht Frankfurt,1740
K. Stöger,Winger,Borussia Mgladbach,1683
A. Nusa,Winger,RB Leipzig,1681
L. Sané,Winger,Bayern München,1676
A. Beck,Winger,Heidenheim,1674
M. Götze,Winger,Eintracht Frankfurt,1655
K. Adeyemi,Winger,Borussia Dortmund,1536
N. Tella,Winger,Bayer Leverkusen,1481
F. Honorat,Winger,Borussia Mgladbach,1429
A. Bernhardsson,Winger,Holstein Kiel,1362
K. Coman,Winger,Bayern München,1361
Jeong Woo-Yeong,Winger,Union Berlin,1354
S. Gnabry,Winger,Bayern München,1340
N. Weißhaupt,Winger,St. Pauli,1322
D. de Wit,Winger,Bochum,1284
E. Dinkçi,Winger,Freiburg,1282
T. Müller,Winger,Bayern München,1281
G. Holtmann,Winger,Bochum,1242
Léo Scienza,Winger,Heidenheim,1165
F. Chaïbi,Winger,Eintracht Frankfurt,1136
M. Röhl,Winger,Freiburg,1047
J. Bahoya,Winger,Eintracht Frankfurt,1031
M. Politano,Winger,Napoli,2941
Nico Paz,Winger,Como,2887
N. Zortea,Winger,Cagliari,2877
M. Zaccagni,Winger,Lazio,2851
Gabriel Strefezza,Winger,Como,2767
C. Pulišić,Winger,Milan,2638
Rafael Leão,Winger,Milan,2480
K. Yıldız,Winger,Juventus,2463
G. Isaksen,Winger,Lazio,2339
A. Lookman,Winger,Atalanta,2374
B. Dia,Winger,Lazio,2324
D. Ndoye,Winger,Bologna,2295
N. Vlašić,Winger,Torino,2262
Tete Morente,Winger,Lecce,2167
D. Man,Winger,Parma,2147
T. Suslov,Winger,Hellas Verona,2112
M. Pašalić,Winger,Atalanta,2109
S. Pierotti,Winger,Lecce,2100
J. Odgaard,Winger,Bologna,2065
M. Thorsby,Winger,Genoa,2042
R. Orsolini,Winger,Bologna,2009
J. Ekkelenkamp,Winger,Udinese,1941
M. Soulé,Winger,Roma,1886
N. González,Winger,Juventus,1758
A. Fadera,Winger,Como,1755
F. Miretti,Winger,Genoa,1746
A. Colpani,Winger,Fiorentina,1549
A. Zerbin,Winger,Venezia,1543
M. Cancellieri,Winger,Parma,1520
David Neres,Winger,Napoli,1408
J. Fazzini,Winger,Empoli,1375
B. Domínguez,Winger,Bologna,1369
V. Mihăilă,Winger,Parma,1356
Francisco Conceicão,Winger,Juventus,1353
N. Viola,Winger,Cagliari,1352
A. Gudmundsson,Winger,Fiorentina,1339
Assane Diao,Winger,Como,1323
L. Samardžić,Winger,Atalanta,1320
A. Atta,Winger,Udinese,1278
Pedro,Winger,Lazio,1264
K. Kvaratskhelia,Winger,Napoli,1258
Þ. Helgason,Winger,Lecce,1249
P. Almqvist,Winger,Parma,1233
S. El Shaarawy,Winger,Roma,1221
P. Ciurria,Winger,Monza,1206
G. Fabbian,Winger,Bologna,1155
M. Caqueret,Winger,Como,1137
G. Gaetano,Winger,Cagliari,1127
M. Brescianini,Winger,Atalanta,1108
E. Elmas,Winger,Torino,1090
R. Sottil,Winger,Milan,1049
S. Chukwueze,Winger,Milan,1048
F. Dele-Bashiru,Winger,Lazio,1030
Carlos Vicente,Winger,Deportivo Alavés,3427
D. Lukébakio,Winger,Sevilla,3402
Raphinha,Winger,Barcelona,3140
Lamine Yamal,Winger,Barcelona,3129
Luis Rioja,Winger,Valencia,3096
Alberto Moleiro,Winger,Las Palmas,2968
Sergio Gómez,Winger,Real Sociedad,2946
Diego López,Winger,Valencia,2942
Sergi Darder,Winger,Mallorca,2924
Iñaki Williams,Winger,Athletic Bilbao,2873
Javi Muñoz,Winger,Las Palmas,2871
Álex Baena,Winger,Villarreal,2837
Álvaro García,Winger,Rayo Vallecano,2787
J. Bellingham,Winger,Real Madrid,2713
Jorge de Frutos,Winger,Rayo Vallecano,2680
Rubén García,Winger,Osasuna,2586
Raúl Moro,Winger,Real Valladolid,2575
T. Kubo,Winger,Real Sociedad,2557
Álex Berenguer,Winger,Athletic Bilbao,2499
Juan Cruz,Winger,Leganés,2460
Vinícius Júnior,Winger,Real Madrid,2415
Isi Palazón,Winger,Rayo Vallecano,2387
Jofre Carreras,Winger,Espanyol,2340
Jon Guridi,Winger,Deportivo Alavés,2256
Sandro Ramírez,Winger,Las Palmas,2198
André Almeida,Winger,Valencia,2165
Nico Williams,Winger,Athletic Bilbao,2151
A. Ezzalzouli,Winger,Real Betis,2149
Yéremy Pino,Winger,Villarreal,2092
Rodrygo,Winger,Real Madrid,2077
G. Simeone,Winger,Atlético Madrid,2075
V. Tsygankov,Winger,Girona,2059
Bryan Zaragoza,Winger,Osasuna,1954
Iago Aspas,Winger,Celta de Vigo,1939
Bryan Gil,Winger,Girona,1864
A. Tuhami,Winger,Real Valladolid,1855
D. Brašanac,Winger,Leganés,1798
Adri Embarba,Winger,Rayo Vallecano,1786
C. Gallagher,Winger,Atlético Madrid,1782
Oihan Sancet,Winger,Athletic Bilbao,1758
Saúl Ñíguez,Winger,Sevilla,1719
Isco,Winger,Real Betis,1710
Carles Aleñà,Winger,Deportivo Alavés,1699
Samuel Lino,Winger,Atlético Madrid,1685
G. Lo Celso,Winger,Real Betis,1617
Iván Sánchez,Winger,Real Valladolid,1591
Carles Pérez,Winger,Getafe,1589
D. van de Beek,Winger,Girona,1578
Antonio Sánchez,Winger,Mallorca,1565
Y. Asprilla,Winger,Girona,1560
Brahim Diaz,Winger,Real Madrid,1539
Alfon González,Winger,Celta de Vigo,1509
Óscar Rodríguez,Winger,Leganés,1503
W. Swedberg,Winger,Celta de Vigo,1499
Antony,Winger,Real Betis,1490
Ramón Terrats,Winger,Getafe,1488
Carlos Martín,Winger,Deportivo Alavés,1449
Unai Gómez,Winger,Athletic Bilbao,1417
Álvaro Tejero,Winger,Espanyol,1414
Ander Barrenetxea,Winger,Real Sociedad,1394
Fermín López,Winger,Barcelona,1386
A. Güler,Winger,Real Madrid,1377
Robert Navarro,Winger,Mallorca,1362
Pedro Díaz,Winger,Rayo Vallecano,1355
Dani Olmo,Winger,Barcelona,1344
Peque Fernández,Winger,Sevilla,1255
Jesús Rodríguez,Winger,Real Betis,1208
Manu Fuster,Winger,Las Palmas,1176
Antoniu Roca,Winger,Espanyol,1151
Edu Expósito,Winger,Espanyol,1145
T. Asano,Winger,Mallorca,1134
Álex Sola,Winger,Getafe,1123
S. Becker,Winger,Real Sociedad,1102
C. Ejuke,Winger,Sevilla,1091
Coba da Costa,Winger,Getafe,1070
Juan Bernat,Winger,Getafe,1053
M. Abline,Striker,Nantes,2979
J. David,Striker,Lille,2803
A. Kalimuendo,Striker,Rennes,2796
E. Guessand,Striker,Nice,2796
L. Ajorque,Striker,Brest,2719
L. Sinayoko,Striker,Auxerre,2501
E. Emegha,Striker,Strasbourg,2477
A. Gouiri,Striker,Olympique Marseille,2292
A. Lacazette,Striker,Olympique Lyonnais,2243
B. Embolo,Striker,Monaco,2017
L. Stassin,Striker,Saint-Étienne,2014
G. Laborde,Striker,Nice,1958
F. Lemaréchal,Striker,Strasbourg,1944
F. Sotoca,Striker,Lens,1943
Mousa Al Tamari,Striker,Rennes,1856
J. King,Striker,Toulouse,1809
E. Lepaul,Striker,Angers SCO,1793
M. Cho,Striker,Nice,1748
O. Diakité,Striker,Reims,1739
F. Magri,Striker,Toulouse,1690
G. Mikautadze,Striker,Olympique Lyonnais,1679
A. Ayew,Striker,Le Havre,1605
M. Nzola,Striker,Lens,1591
Mostafa Mohamed,Striker,Nantes,1395
Mama Baldé,Striker,Brest,1335
M. Biereth,Striker,Monaco,1310
W. Khazri,Striker,Montpellier,1215
A. Adams,Striker,Montpellier,1167
Gonçalo Ramos,Striker,PSG,1167
N. Maupay,Striker,Olympique Marseille,1154
I. Niane,Striker,Angers SCO,1083
T. Bair,Striker,Auxerre,1082
W. Saïd,Striker,Lens,1008
T. Kleindienst,Striker,Borussia Mgladbach,2840
S. Guirassy,Striker,Borussia Dortmund,2745
H. Ekitiké,Striker,Eintracht Frankfurt,2740
B. Hollerbach,Striker,Union Berlin,2711
M. Amoura,Striker,Wolfsburg,2631
L. Openda,Striker,RB Leipzig,2602
M. Ducksch,Striker,Werder Bremen,2594
B. Šeško,Striker,RB Leipzig,2527
H. Kane,Striker,Bayern München,2510
P. Hofmann,Striker,Bochum,2433
J. Burkardt,Striker,Mainz 05,2268
M. Pieringer,Striker,Heidenheim,2236
J. Wind,Striker,Wolfsburg,2147
S. Machino,Striker,Holstein Kiel,2131
Tiago Tomás,Striker,Wolfsburg,2034
E. Demirović,Striker,Stuttgart,2031
A. Hložek,Striker,Hoffenheim,2027
J. Eggestein,Striker,St. Pauli,1950
P. Wimmer,Striker,Wolfsburg,1910
D. Undav,Striker,Stuttgart,1887
P. Schick,Striker,Bayer Leverkusen,1853
M. Bülter,Striker,Hoffenheim,1835
P. Tietz,Striker,Augsburg,1833
N. Woltemade,Striker,Stuttgart,1797
S. Essende,Striker,Augsburg,1775
P. Harres,Striker,Holstein Kiel,1698
J. Adamu,Striker,Freiburg,1656
M. Beier,Striker,Borussia Dortmund,1643
Omar Marmoush,Striker,Eintracht Frankfurt,1563
M. Broschinski,Striker,Bochum,1533
S. Skrzybski,Striker,Holstein Kiel,1441
D. Sinani,Striker,St. Pauli,1374
M. Grüll,Striker,Werder Bremen,1336
T. Skarke,Striker,Union Berlin,1294
M. Honsak,Striker,Heidenheim,1270
M. Boadu,Striker,Bochum,1147
G. Masouras,Striker,Bochum,1119
V. Boniface,Striker,Bayer Leverkusen,1085
J. Njinmah,Striker,Werder Bremen,1072
B. Zivzivadze,Striker,Heidenheim,1059
O. Burke,Striker,Werder Bremen,1024
R. Piccoli,Striker,Cagliari,3319
N. Krstović,Striker,Lecce,3275
A. Pinamonti,Striker,Genoa,3051
R. Lukaku,Striker,Napoli,2982
C. Adams,Striker,Torino,2859
M. Kean,Striker,Fiorentina,2808
L. Martínez,Striker,Internazionale,2707
A. Bonny,Striker,Parma,2679
V. Castellanos,Striker,Lazio,2571
A. Dovbyk,Striker,Roma,2553
M. Retegui,Striker,Atalanta,2512
S. Castro,Striker,Bologna,2466
M. Thuram,Striker,Internazionale,2459
L. Lucca,Striker,Udinese,2445
G. Oristanio,Striker,Venezia,2430
S. Esposito,Striker,Empoli,2383
A. Lookman,Striker,Atalanta,2374
L. Colombo,Striker,Empoli,2348
Dany Mota,Striker,Monza,2231
C. De Ketelaere,Striker,Atalanta,2208
P. Cutrone,Striker,Como,2175
F. Thauvin,Striker,Udinese,2069
L. Beltrán,Striker,Fiorentina,2013
A. Sarr,Striker,Hellas Verona,1925
D. Vlahović,Striker,Juventus,1903
G. Caprari,Striker,Monza,1785
Zito Luvumbo,Striker,Cagliari,1726
D. Maldini,Striker,Atalanta,1705
J. Pohjanpalo,Striker,Venezia,1686
M. Djurić,Striker,Parma,1676
C. Tengstedt,Striker,Hellas Verona,1599
P. Dybala,Striker,Roma,1494
D. Mosquera,Striker,Hellas Verona,1467
Vitinha,Striker,Genoa,1449
A. Sanabria,Striker,Torino,1427
T. Abraham,Striker,Milan,1305
T. Dallinga,Striker,Bologna,1296
J. Yeboah,Striker,Venezia,1265
C. Kouamé,Striker,Empoli,1246
G. Raspadori,Striker,Napoli,1220
E. Shomurodov,Striker,Roma,1209
Álvaro Morata,Striker,Milan,1178
K. Davis,Striker,Udinese,1162
Y. Karamoh,Striker,Torino,1161
R. Kolo Muani,Striker,Juventus,1150
Dailon Livramento,Striker,Hellas Verona,1013
T. Noslin,Striker,Lazio,1011
Javi Puado,Striker,Espanyol,3222
A. Budimir,Striker,Osasuna,3186
K. Mbappé,Striker,Real Madrid,3125
R. Lewandowski,Striker,Barcelona,2889
Kike García,Striker,Deportivo Alavés,2761
J. Álvarez,Striker,Atlético Madrid,2716
C. Uche,Striker,Getafe,2692
A. Griezmann,Striker,Atlético Madrid,2682
T. Barry,Striker,Villarreal,2584
Vinícius Júnior,Striker,Real Madrid,2415
Mikel Oyarzabal,Striker,Real Sociedad,2407
Hugo Duro,Striker,Valencia,2377
Isaac Romero,Striker,Sevilla,2343
Dani Rodríguez,Striker,Mallorca,2304
V. Muriqi,Striker,Mallorca,2204
Ayoze Pérez,Striker,Villarreal,2168
Borja Iglesias,Striker,Celta de Vigo,2107
O. McBurnie,Striker,Las Palmas,2060
Dani Raba,Striker,Leganés,2033
Fábio Silva,Striker,Las Palmas,2020
Gorka Guruzeta,Striker,Athletic Bilbao,1995
Miguel de la Fuente,Striker,Leganés,1905
C. Larin,Striker,Mallorca,1904
M. Sylla,Striker,Real Valladolid,1748
A. Sørloth,Striker,Atlético Madrid,1733
A. Danjuma,Striker,Girona,1687
N. Pépé,Striker,Villarreal,1665
Roberto Fernández,Striker,Espanyol,1594
Juanmi Latasa,Striker,Real Valladolid,1560
Pablo Durán,Striker,Celta de Vigo,1543
Abel Ruiz,Striker,Girona,1450
Vitor Roque,Striker,Real Betis,1358
Diego García,Striker,Leganés,1346
Marcos André,Striker,Real Valladolid,1305
A. Véliz,Striker,Espanyol,1292
Borja Mayoral,Striker,Getafe,1268
Sergio Camello,Striker,Rayo Vallecano,1245
Ferrán Torres,Striker,Barcelona,1244
R. Nteka,Striker,Rayo Vallecano,1239
C. Stuani,Striker,Girona,1233
C. Hernández,Striker,Real Betis,1221
B. Yıldırım,Striker,Getafe,1198
U. Sadiq,Striker,Valencia,1184
Toni Martínez,Striker,Deportivo Alavés,1176
Juanmi,Striker,Getafe,1071
O. Óskarsson,Striker,Real Sociedad,1048
J. Bowen,Striker,West Ham United,3257
C. Wood,Striker,Nottingham Forest,3194
Y. Wissa,Striker,Brentford,3188
J. Vardy,Striker,Leicester City,3078
A. Isak,Striker,Newcastle United,3005
E. Haaland,Striker,Manchester City,2967
J. Mateta,Striker,Crystal Palace,2874
O. Watkins,Striker,Aston Villa,2868
J. Strand Larsen,Striker,Wolverhampton,2813
L. Delap,Striker,Ipswich Town,2766
R. Jiménez,Striker,Fulham,2702
Evanilson,Striker,Bournemouth,2474
D. Solanke,Striker,Tottenham Hotspur,2435
N. Jackson,Striker,Chelsea,2382
D. Welbeck,Striker,Brighton,2336
R. Højlund,Striker,Manchester United,2195
João Pedro,Striker,Brighton,2165
K. Havertz,Striker,Arsenal,2085
D. Calvert-Lewin,Striker,Everton,1760
Beto,Striker,Everton,1723
C. Archer,Striker,Southampton,1631
J. Zirkzee,Striker,Manchester United,1605
A. Armstrong,Striker,Southampton,1379
Diogo Jota,Striker,Liverpool,1330
D. Núñez,Striker,Liverpool,1323
Omar Marmoush,Striker,Manchester City,1241
P. Onuachu,Striker,Southampton,1209
E. Nketiah,Striker,Crystal Palace,1171
Gonçalo Guedes,Striker,Wolverhampton,1162
Rodrigo Muniz,Striker,Fulham,1140
C. Nkunku,Striker,Chelsea,1101
T. Lauritsen,Striker,Sparta Rotterdam,2989
V. Edvardsen,Striker,Go Ahead Eagles,2936
T. Robinet,Striker,Almere City,2936
D. Vente,Striker,PEC Zwolle,2725
R. Margaret,Striker,RKC Waalwijk,2674
T. van Bergen,Striker,Groningen,2628
L. de Jong,Striker,PSV,2598
E. Ómarsson,Striker,NAC Breda,2436
T. Parrott,Striker,AZ,2326
O. Zawada,Striker,RKC Waalwijk,2074
K. Vaesen,Striker,Willem II,2023
C. Sandra,Striker,Willem II,2022
R. van Wolfswinkel,Striker,Twente,1981
K. Ogawa,Striker,NEC,1744
J. Hornkamp,Striker,Heracles,1743
C. Brym,Striker,Almere City,1726
B. Brobbey,Striker,Ajax,1662
S. Lammers,Striker,Twente,1604
L. Kulenović,Striker,Heracles,1579
J. Bokila,Striker,Willem II,1531
O. Velanas,Striker,PEC Zwolle,1513
I. Nicolăescu,Striker,Heerenveen,1391
S. Haller,Striker,Utrecht,1369
R. Postema,Striker,Groningen,1344
D. Min,Striker,Utrecht,1335
A. Ueda,Striker,Feyenoord,1303
Alessio Da Cruz,Striker,Fortuna Sittard,1271
M. Aïko,Striker,Fortuna Sittard,1258
M. Meerdink,Striker,AZ,1194
W. Weghorst,Striker,Ajax,1190
B. Willumsson,Striker,Groningen,1088
S. van Hooijdonk,Striker,NAC Breda,1073
V. Gyökeres,Striker,Sporting CP,3087
R. Boženík,Striker,Boavista,2946
Clayton,Striker,Rio Ave,2938
Samu Omorodion,Striker,Porto,2390
Kikas,Striker,Estrela Amadora,2252
Cassiano,Striker,Casa Pia AC,2106
Y. Begraoui,Striker,Estoril,2014
Nélson Oliveira,Striker,Vitória Guimarães,1849
Samu,Striker,Vitória Guimarães,1833
Alejandro Marqués,Striker,Estoril,1811
Guilherme Schettine,Striker,Moreirense,1803
Rodrigo Pinho,Striker,Estrela Amadora,1803
Tomané,Striker,Farense,1779
A. El Ouazzani,Striker,Sporting Braga,1740
Luís Asué,Striker,Moreirense,1502
Jorge Aguirre,Striker,Gil Vicente,1482
Zé Luís,Striker,AVS ,1413
V. Pavlidis,Striker,Benfica,1402
Isaac,Striker,Nacional,1395
Henrique Araújo,Striker,Arouca,1230
D. Namaso,Striker,Porto,1204
Rodrigo Ribeiro,Striker,AVS ,1104
Darío Poveda,Striker,Farense,1100
André Lacximicant,Striker,Estoril,1089
Cauê,Striker,Casa Pia AC,1085
